solid OpenSCAD_Model
  facet normal 0 0 -1
    outer loop
      vertex 0.6809686399117889 1.0968201475090635 21.3
      vertex 0.5903774055580651 1.2129020865226998 21.3
      vertex 0.5055911630923644 1.3332893009411935 21.3
    endloop
  endfacet
  facet normal 0 0 -1
    outer loop
      vertex 0.8786796564403572 0.8786796564403572 21.3
      vertex 1.2129020865226998 0.5903774055580651 21.3
      vertex 0.9853231354589447 0.7771466239351228 21.3
    endloop
  endfacet
  facet normal 0 0 -1
    outer loop
      vertex 0.6809686399117889 1.0968201475090635 21.3
      vertex 1.2129020865226998 0.5903774055580651 21.3
      vertex 0.8786796564403572 0.8786796564403572 21.3
    endloop
  endfacet
  facet normal 0 0 -1
    outer loop
      vertex 0.6809686399117889 1.0968201475090635 21.3
      vertex 0.8786796564403572 0.8786796564403572 21.3
      vertex 0.7771466239351228 0.9853231354589447 21.3
    endloop
  endfacet
  facet normal 0 0 -1
    outer loop
      vertex 0.6809686399117889 1.0968201475090635 21.3
      vertex 0.35423620695493474 1.5858097895220071 21.3
      vertex 1.2129020865226998 0.5903774055580651 21.3
    endloop
  endfacet
  facet normal 0 0 -1
    outer loop
      vertex 0.9853231354589447 0.7771466239351228 21.3
      vertex 1.2129020865226998 0.5903774055580651 21.3
      vertex 1.0968201475090635 0.6809686399117889 21.3
    endloop
  endfacet
  facet normal 0 0 -1
    outer loop
      vertex 1.2129020865226998 0.5903774055580651 21.3
      vertex 1.4576917674203347 0.42681416999918387 21.3
      vertex 1.3332893009411935 0.5055911630923644 21.3
    endloop
  endfacet
  facet normal 0 0 -1
    outer loop
      vertex 1.2129020865226998 0.5903774055580651 21.3
      vertex 1.9893304398233398 0.17536780445093747 21.3
      vertex 1.5858097895220071 0.35423620695493474 21.3
    endloop
  endfacet
  facet normal 0 0 -1
    outer loop
      vertex 1.2129020865226998 0.5903774055580651 21.3
      vertex 1.5858097895220071 0.35423620695493474 21.3
      vertex 1.4576917674203347 0.42681416999918387 21.3
    endloop
  endfacet
  facet normal 0 0 -1
    outer loop
      vertex 0.35423620695493474 1.5858097895220071 21.3
      vertex 0.2880321206296701 1.7173347197091537 21.3
      vertex 0.22836140246614 1.8519497029047307 21.3
    endloop
  endfacet
  facet normal 0 0 -1
    outer loop
      vertex 0.17536780445093747 1.9893304398233398 21.3
      vertex 0.1291789928033733 2.129145968236613 21.3
      vertex 0.22836140246614 1.8519497029047307 21.3
    endloop
  endfacet
  facet normal 0 0 -1
    outer loop
      vertex 0.35423620695493474 1.5858097895220071 21.3
      vertex 0.22836140246614 1.8519497029047307 21.3
      vertex 0.1291789928033733 2.129145968236613 21.3
    endloop
  endfacet
  facet normal 0 0 -1
    outer loop
      vertex 0.35423620695493474 1.5858097895220071 21.3
      vertex 0.1291789928033733 2.129145968236613 21.3
      vertex 0.014445819983409436 2.7059485790113182 21.3
    endloop
  endfacet
  facet normal 0 0 -1
    outer loop
      vertex 0.1291789928033733 2.129145968236613 21.3
      vertex 0.08990624041636819 2.2710594602902083 21.3
      vertex 0.05764415879030871 2.414729033951615 21.3
    endloop
  endfacet
  facet normal 0 0 -1
    outer loop
      vertex 0.014445819983409436 2.7059485790113182 21.3
      vertex 0.003613631384483007 2.852796977017746 21.3
      vertex 0 3 21.3
    endloop
  endfacet
  facet normal 0 0 -1
    outer loop
      vertex 0.1291789928033733 2.129145968236613 21.3
      vertex 0.05764415879030871 2.414729033951615 21.3
      vertex 0.014445819983409436 2.7059485790113182 21.3
    endloop
  endfacet
  facet normal 0 0 -1
    outer loop
      vertex 0.014445819983409436 2.7059485790113182 21.3
      vertex 0.05764415879030871 2.414729033951615 21.3
      vertex 0.03247047010565707 2.5598085766339147 21.3
    endloop
  endfacet
  facet normal 0 0 -1
    outer loop
      vertex 0.6809686399117889 1.0968201475090635 21.3
      vertex 0.5055911630923644 1.3332893009411935 21.3
      vertex 0.35423620695493474 1.5858097895220071 21.3
    endloop
  endfacet
  facet normal 0 0 -1
    outer loop
      vertex 0.35423620695493474 1.5858097895220071 21.3
      vertex 0.5055911630923644 1.3332893009411935 21.3
      vertex 0.42681416999918387 1.4576917674203347 21.3
    endloop
  endfacet
  facet normal 0 0 -1
    outer loop
      vertex 1.2129020865226998 0.5903774055580651 21.3
      vertex 0.35423620695493474 1.5858097895220071 21.3
      vertex 0.014445819983409436 2.7059485790113182 21.3
    endloop
  endfacet
  facet normal 0 0 -1
    outer loop
      vertex 2.414729033951615 0.05764415879030871 21.3
      vertex 2.129145968236613 0.1291789928033733 21.3
      vertex 1.9893304398233398 0.17536780445093747 21.3
    endloop
  endfacet
  facet normal 0 0 -1
    outer loop
      vertex 2.2710594602902083 0.08990624041636819 21.3
      vertex 2.129145968236613 0.1291789928033733 21.3
      vertex 2.414729033951615 0.05764415879030871 21.3
    endloop
  endfacet
  facet normal 0 0 -1
    outer loop
      vertex 2.414729033951615 0.05764415879030871 21.3
      vertex 1.9893304398233398 0.17536780445093747 21.3
      vertex 2.852796977017746 0.003613631384483007 21.3
    endloop
  endfacet
  facet normal 0 0 -1
    outer loop
      vertex 2.414729033951615 0.05764415879030871 21.3
      vertex 2.852796977017746 0.003613631384483007 21.3
      vertex 2.5598085766339147 0.03247047010565707 21.3
    endloop
  endfacet
  facet normal 0 0 -1
    outer loop
      vertex 2.5598085766339147 0.03247047010565707 21.3
      vertex 2.852796977017746 0.003613631384483007 21.3
      vertex 2.7059485790113182 0.014445819983409436 21.3
    endloop
  endfacet
  facet normal 0 0 -1
    outer loop
      vertex 1.7173347197091537 0.2880321206296701 21.3
      vertex 1.9893304398233398 0.17536780445093747 21.3
      vertex 1.8519497029047307 0.22836140246614 21.3
    endloop
  endfacet
  facet normal 0 0 -1
    outer loop
      vertex 1.5858097895220071 0.35423620695493474 21.3
      vertex 1.9893304398233398 0.17536780445093747 21.3
      vertex 1.7173347197091537 0.2880321206296701 21.3
    endloop
  endfacet
  facet normal 0 0 -1
    outer loop
      vertex 1.2129020865226998 0.5903774055580651 21.3
      vertex 2.852796977017746 0.003613631384483007 21.3
      vertex 1.9893304398233398 0.17536780445093747 21.3
    endloop
  endfacet
  facet normal -0.757208846506484 -0.6531728429537773 0
    outer loop
      vertex 0.6809686399117889 1.0968201475090635 21.3
      vertex 0.7771466239351228 0.9853231354589447 21.3
      vertex 0.6809686399117889 1.0968201475090635 23.8
    endloop
  endfacet
  facet normal -0.7883464276266059 -0.6152315905806275 0
    outer loop
      vertex 0.6809686399117889 1.0968201475090635 21.3
      vertex 0.6809686399117889 1.0968201475090635 23.8
      vertex 0.5903774055580651 1.2129020865226998 21.3
    endloop
  endfacet
  facet normal -0.7242470829514684 -0.6895405447370653 0
    outer loop
      vertex 0.8786796564403572 0.8786796564403572 21.3
      vertex 0.8786796564403572 0.8786796564403572 23.8
      vertex 0.7771466239351228 0.9853231354589447 21.3
    endloop
  endfacet
  facet normal -0.6531728429537773 -0.757208846506484 0
    outer loop
      vertex 0.9853231354589447 0.7771466239351228 21.3
      vertex 1.0968201475090635 0.6809686399117889 21.3
      vertex 1.0968201475090635 0.6809686399117889 23.8
    endloop
  endfacet
  facet normal -0.6895405447370653 -0.7242470829514684 0
    outer loop
      vertex 0.8786796564403572 0.8786796564403572 21.3
      vertex 0.9853231354589447 0.7771466239351228 21.3
      vertex 0.8786796564403572 0.8786796564403572 23.8
    endloop
  endfacet
  facet normal -0.6152315905806275 -0.7883464276266059 0
    outer loop
      vertex 1.0968201475090635 0.6809686399117889 21.3
      vertex 1.2129020865226998 0.5903774055580651 21.3
      vertex 1.2129020865226998 0.5903774055580651 23.8
    endloop
  endfacet
  facet normal -0.5758081914178429 -0.8175848131515855 0
    outer loop
      vertex 1.2129020865226998 0.5903774055580651 21.3
      vertex 1.3332893009411935 0.5055911630923644 21.3
      vertex 1.3332893009411935 0.5055911630923644 23.8
    endloop
  endfacet
  facet normal -0.5349976198870982 -0.8448535652497063 0
    outer loop
      vertex 1.3332893009411935 0.5055911630923644 21.3
      vertex 1.4576917674203347 0.42681416999918387 21.3
      vertex 1.3332893009411935 0.5055911630923644 23.8
    endloop
  endfacet
  facet normal -0.4928981922297847 -0.870086991108711 0
    outer loop
      vertex 1.5858097895220071 0.35423620695493474 21.3
      vertex 1.4576917674203347 0.42681416999918387 23.8
      vertex 1.4576917674203347 0.42681416999918387 21.3
    endloop
  endfacet
  facet normal -0.4496113296546053 -0.893224301195516 0
    outer loop
      vertex 1.5858097895220071 0.35423620695493474 21.3
      vertex 1.7173347197091537 0.2880321206296701 21.3
      vertex 1.7173347197091537 0.2880321206296701 23.8
    endloop
  endfacet
  facet normal -0.7883464276266059 -0.6152315905806275 0
    outer loop
      vertex 0.5903774055580651 1.2129020865226998 21.3
      vertex 0.6809686399117889 1.0968201475090635 23.8
      vertex 0.5903774055580651 1.2129020865226998 23.8
    endloop
  endfacet
  facet normal -0.7242470829514684 -0.6895405447370653 0
    outer loop
      vertex 0.7771466239351228 0.9853231354589447 21.3
      vertex 0.8786796564403572 0.8786796564403572 23.8
      vertex 0.7771466239351228 0.9853231354589447 23.8
    endloop
  endfacet
  facet normal -0.6895405447370653 -0.7242470829514684 0
    outer loop
      vertex 0.9853231354589447 0.7771466239351228 21.3
      vertex 0.9853231354589447 0.7771466239351228 23.8
      vertex 0.8786796564403572 0.8786796564403572 23.8
    endloop
  endfacet
  facet normal -0.6531728429537773 -0.757208846506484 0
    outer loop
      vertex 0.9853231354589447 0.7771466239351228 21.3
      vertex 1.0968201475090635 0.6809686399117889 23.8
      vertex 0.9853231354589447 0.7771466239351228 23.8
    endloop
  endfacet
  facet normal -0.757208846506484 -0.6531728429537773 0
    outer loop
      vertex 0.7771466239351228 0.9853231354589447 21.3
      vertex 0.7771466239351228 0.9853231354589447 23.8
      vertex 0.6809686399117889 1.0968201475090635 23.8
    endloop
  endfacet
  facet normal -0.6152315905806275 -0.7883464276266059 0
    outer loop
      vertex 1.0968201475090635 0.6809686399117889 21.3
      vertex 1.2129020865226998 0.5903774055580651 23.8
      vertex 1.0968201475090635 0.6809686399117889 23.8
    endloop
  endfacet
  facet normal -0.5758081914178429 -0.8175848131515855 0
    outer loop
      vertex 1.2129020865226998 0.5903774055580651 21.3
      vertex 1.3332893009411935 0.5055911630923644 23.8
      vertex 1.2129020865226998 0.5903774055580651 23.8
    endloop
  endfacet
  facet normal -0.4928981922297847 -0.870086991108711 0
    outer loop
      vertex 1.5858097895220071 0.35423620695493474 21.3
      vertex 1.5858097895220071 0.35423620695493474 23.8
      vertex 1.4576917674203347 0.42681416999918387 23.8
    endloop
  endfacet
  facet normal -0.4496113296546053 -0.893224301195516 0
    outer loop
      vertex 1.5858097895220071 0.35423620695493474 21.3
      vertex 1.7173347197091537 0.2880321206296701 23.8
      vertex 1.5858097895220071 0.35423620695493474 23.8
    endloop
  endfacet
  facet normal -0.5349976198870982 -0.8448535652497063 0
    outer loop
      vertex 1.4576917674203347 0.42681416999918387 21.3
      vertex 1.4576917674203347 0.42681416999918387 23.8
      vertex 1.3332893009411935 0.5055911630923644 23.8
    endloop
  endfacet
  facet normal 0 0 1
    outer loop
      vertex 0.6809686399117889 1.0968201475090635 23.8
      vertex 0.5055911630923644 1.3332893009411935 23.8
      vertex 0.5903774055580651 1.2129020865226998 23.8
    endloop
  endfacet
  facet normal 0 0 1
    outer loop
      vertex 0.8786796564403572 0.8786796564403572 23.8
      vertex 0.9853231354589447 0.7771466239351228 23.8
      vertex 1.0968201475090635 0.6809686399117889 23.8
    endloop
  endfacet
  facet normal 0 0 1
    outer loop
      vertex 0.6809686399117889 1.0968201475090635 23.8
      vertex 0.8786796564403572 0.8786796564403572 23.8
      vertex 1.2129020865226998 0.5903774055580651 23.8
    endloop
  endfacet
  facet normal 0 0 1
    outer loop
      vertex 0.6809686399117889 1.0968201475090635 23.8
      vertex 0.7771466239351228 0.9853231354589447 23.8
      vertex 0.8786796564403572 0.8786796564403572 23.8
    endloop
  endfacet
  facet normal 0 0 1
    outer loop
      vertex 0.6809686399117889 1.0968201475090635 23.8
      vertex 1.2129020865226998 0.5903774055580651 23.8
      vertex 0.35423620695493474 1.5858097895220071 23.8
    endloop
  endfacet
  facet normal 0 0 1
    outer loop
      vertex 1.2129020865226998 0.5903774055580651 23.8
      vertex 1.3332893009411935 0.5055911630923644 23.8
      vertex 1.4576917674203347 0.42681416999918387 23.8
    endloop
  endfacet
  facet normal 0 0 1
    outer loop
      vertex 1.2129020865226998 0.5903774055580651 23.8
      vertex 1.5858097895220071 0.35423620695493474 23.8
      vertex 1.9893304398233398 0.17536780445093747 23.8
    endloop
  endfacet
  facet normal 0 0 1
    outer loop
      vertex 1.2129020865226998 0.5903774055580651 23.8
      vertex 1.4576917674203347 0.42681416999918387 23.8
      vertex 1.5858097895220071 0.35423620695493474 23.8
    endloop
  endfacet
  facet normal 0 0 1
    outer loop
      vertex 0.8786796564403572 0.8786796564403572 23.8
      vertex 1.0968201475090635 0.6809686399117889 23.8
      vertex 1.2129020865226998 0.5903774055580651 23.8
    endloop
  endfacet
  facet normal -0.893224301195516 -0.4496113296546053 0
    outer loop
      vertex 0.35423620695493474 1.5858097895220071 21.3
      vertex 0.35423620695493474 1.5858097895220071 23.8
      vertex 0.2880321206296701 1.7173347197091537 21.3
    endloop
  endfacet
  facet normal -0.914209755703531 -0.4052413140049888 0
    outer loop
      vertex 0.2880321206296701 1.7173347197091537 21.3
      vertex 0.2880321206296701 1.7173347197091537 23.8
      vertex 0.22836140246614 1.8519497029047307 21.3
    endloop
  endfacet
  facet normal -0.9329927988347377 -0.3598950365349911 0
    outer loop
      vertex 0.17536780445093747 1.9893304398233398 21.3
      vertex 0.22836140246614 1.8519497029047307 21.3
      vertex 0.17536780445093747 1.9893304398233398 23.8
    endloop
  endfacet
  facet normal -0.9495281805930369 -0.31368174039889063 0
    outer loop
      vertex 0.17536780445093747 1.9893304398233398 21.3
      vertex 0.1291789928033733 2.129145968236613 23.8
      vertex 0.1291789928033733 2.129145968236613 21.3
    endloop
  endfacet
  facet normal -0.9637760657954403 -0.26671275747489676 0
    outer loop
      vertex 0.1291789928033733 2.129145968236613 21.3
      vertex 0.08990624041636819 2.2710594602902083 23.8
      vertex 0.08990624041636819 2.2710594602902083 21.3
    endloop
  endfacet
  facet normal -0.9757021300385285 -0.21910124015687052 0
    outer loop
      vertex 0.08990624041636819 2.2710594602902083 21.3
      vertex 0.05764415879030871 2.414729033951615 23.8
      vertex 0.05764415879030871 2.414729033951615 21.3
    endloop
  endfacet
  facet normal -0.9924795345987101 -0.1224106751992154 0
    outer loop
      vertex 0.014445819983409436 2.7059485790113182 21.3
      vertex 0.03247047010565707 2.5598085766339147 21.3
      vertex 0.03247047010565707 2.5598085766339147 23.8
    endloop
  endfacet
  facet normal -0.9972904566786903 -0.07356456359966686 0
    outer loop
      vertex 0.014445819983409436 2.7059485790113182 21.3
      vertex 0.014445819983409436 2.7059485790113182 23.8
      vertex 0.003613631384483007 2.852796977017746 21.3
    endloop
  endfacet
  facet normal -0.9852776423889412 -0.17096188876030174 0
    outer loop
      vertex 0.05764415879030871 2.414729033951615 21.3
      vertex 0.03247047010565707 2.5598085766339147 23.8
      vertex 0.03247047010565707 2.5598085766339147 21.3
    endloop
  endfacet
  facet normal -0.9996988186962041 -0.024541228522913537 0
    outer loop
      vertex 0.003613631384483007 2.852796977017746 21.3
      vertex 0 3 23.8
      vertex 0 3 21.3
    endloop
  endfacet
  facet normal -0.8175848131515855 -0.5758081914178429 0
    outer loop
      vertex 0.5903774055580651 1.2129020865226998 21.3
      vertex 0.5055911630923644 1.3332893009411935 23.8
      vertex 0.5055911630923644 1.3332893009411935 21.3
    endloop
  endfacet
  facet normal -0.8448535652497063 -0.5349976198870982 0
    outer loop
      vertex 0.5055911630923644 1.3332893009411935 21.3
      vertex 0.5055911630923644 1.3332893009411935 23.8
      vertex 0.42681416999918387 1.4576917674203347 21.3
    endloop
  endfacet
  facet normal -0.870086991108711 -0.4928981922297847 0
    outer loop
      vertex 0.35423620695493474 1.5858097895220071 21.3
      vertex 0.42681416999918387 1.4576917674203347 21.3
      vertex 0.35423620695493474 1.5858097895220071 23.8
    endloop
  endfacet
  facet normal -0.914209755703531 -0.4052413140049888 0
    outer loop
      vertex 0.22836140246614 1.8519497029047307 21.3
      vertex 0.2880321206296701 1.7173347197091537 23.8
      vertex 0.22836140246614 1.8519497029047307 23.8
    endloop
  endfacet
  facet normal -0.893224301195516 -0.4496113296546053 0
    outer loop
      vertex 0.2880321206296701 1.7173347197091537 21.3
      vertex 0.35423620695493474 1.5858097895220071 23.8
      vertex 0.2880321206296701 1.7173347197091537 23.8
    endloop
  endfacet
  facet normal -0.9495281805930369 -0.31368174039889063 0
    outer loop
      vertex 0.17536780445093747 1.9893304398233398 21.3
      vertex 0.17536780445093747 1.9893304398233398 23.8
      vertex 0.1291789928033733 2.129145968236613 23.8
    endloop
  endfacet
  facet normal -0.9329927988347377 -0.3598950365349911 0
    outer loop
      vertex 0.22836140246614 1.8519497029047307 21.3
      vertex 0.22836140246614 1.8519497029047307 23.8
      vertex 0.17536780445093747 1.9893304398233398 23.8
    endloop
  endfacet
  facet normal -0.9637760657954403 -0.26671275747489676 0
    outer loop
      vertex 0.1291789928033733 2.129145968236613 21.3
      vertex 0.1291789928033733 2.129145968236613 23.8
      vertex 0.08990624041636819 2.2710594602902083 23.8
    endloop
  endfacet
  facet normal -0.9757021300385285 -0.21910124015687052 0
    outer loop
      vertex 0.08990624041636819 2.2710594602902083 21.3
      vertex 0.08990624041636819 2.2710594602902083 23.8
      vertex 0.05764415879030871 2.414729033951615 23.8
    endloop
  endfacet
  facet normal 0 0 1
    outer loop
      vertex 0.35423620695493474 1.5858097895220071 23.8
      vertex 0.17536780445093747 1.9893304398233398 23.8
      vertex 0.22836140246614 1.8519497029047307 23.8
    endloop
  endfacet
  facet normal 0 0 1
    outer loop
      vertex 0.35423620695493474 1.5858097895220071 23.8
      vertex 0.22836140246614 1.8519497029047307 23.8
      vertex 0.2880321206296701 1.7173347197091537 23.8
    endloop
  endfacet
  facet normal 0 0 1
    outer loop
      vertex 0.35423620695493474 1.5858097895220071 23.8
      vertex 0.08990624041636819 2.2710594602902083 23.8
      vertex 0.17536780445093747 1.9893304398233398 23.8
    endloop
  endfacet
  facet normal 0 0 1
    outer loop
      vertex 0.17536780445093747 1.9893304398233398 23.8
      vertex 0.08990624041636819 2.2710594602902083 23.8
      vertex 0.1291789928033733 2.129145968236613 23.8
    endloop
  endfacet
  facet normal 0 0 1
    outer loop
      vertex 0.35423620695493474 1.5858097895220071 23.8
      vertex 0 3 23.8
      vertex 0.08990624041636819 2.2710594602902083 23.8
    endloop
  endfacet
  facet normal -0.9924795345987101 -0.1224106751992154 0
    outer loop
      vertex 0.014445819983409436 2.7059485790113182 21.3
      vertex 0.03247047010565707 2.5598085766339147 23.8
      vertex 0.014445819983409436 2.7059485790113182 23.8
    endloop
  endfacet
  facet normal -0.9972904566786903 -0.07356456359966686 0
    outer loop
      vertex 0.003613631384483007 2.852796977017746 21.3
      vertex 0.014445819983409436 2.7059485790113182 23.8
      vertex 0.003613631384483007 2.852796977017746 23.8
    endloop
  endfacet
  facet normal -0.9996988186962041 -0.024541228522913537 0
    outer loop
      vertex 0.003613631384483007 2.852796977017746 21.3
      vertex 0.003613631384483007 2.852796977017746 23.8
      vertex 0 3 23.8
    endloop
  endfacet
  facet normal -0.9852776423889412 -0.17096188876030174 0
    outer loop
      vertex 0.05764415879030871 2.414729033951615 21.3
      vertex 0.05764415879030871 2.414729033951615 23.8
      vertex 0.03247047010565707 2.5598085766339147 23.8
    endloop
  endfacet
  facet normal 0 0 1
    outer loop
      vertex 0.014445819983409436 2.7059485790113182 23.8
      vertex 0.03247047010565707 2.5598085766339147 23.8
      vertex 0 3 23.8
    endloop
  endfacet
  facet normal 0 0 1
    outer loop
      vertex 0.014445819983409436 2.7059485790113182 23.8
      vertex 0 3 23.8
      vertex 0.003613631384483007 2.852796977017746 23.8
    endloop
  endfacet
  facet normal 0 0 1
    outer loop
      vertex 0.08990624041636819 2.2710594602902083 23.8
      vertex 0.03247047010565707 2.5598085766339147 23.8
      vertex 0.05764415879030871 2.414729033951615 23.8
    endloop
  endfacet
  facet normal 0 0 1
    outer loop
      vertex 0.08990624041636819 2.2710594602902083 23.8
      vertex 0 3 23.8
      vertex 0.03247047010565707 2.5598085766339147 23.8
    endloop
  endfacet
  facet normal -0.8448535652497063 -0.5349976198870982 0
    outer loop
      vertex 0.42681416999918387 1.4576917674203347 21.3
      vertex 0.5055911630923644 1.3332893009411935 23.8
      vertex 0.42681416999918387 1.4576917674203347 23.8
    endloop
  endfacet
  facet normal -0.870086991108711 -0.4928981922297847 0
    outer loop
      vertex 0.42681416999918387 1.4576917674203347 21.3
      vertex 0.42681416999918387 1.4576917674203347 23.8
      vertex 0.35423620695493474 1.5858097895220071 23.8
    endloop
  endfacet
  facet normal -0.8175848131515855 -0.5758081914178429 0
    outer loop
      vertex 0.5903774055580651 1.2129020865226998 21.3
      vertex 0.5903774055580651 1.2129020865226998 23.8
      vertex 0.5055911630923644 1.3332893009411935 23.8
    endloop
  endfacet
  facet normal 0 0 1
    outer loop
      vertex 0.6809686399117889 1.0968201475090635 23.8
      vertex 0.35423620695493474 1.5858097895220071 23.8
      vertex 0.5055911630923644 1.3332893009411935 23.8
    endloop
  endfacet
  facet normal 0 0 1
    outer loop
      vertex 0.35423620695493474 1.5858097895220071 23.8
      vertex 0.42681416999918387 1.4576917674203347 23.8
      vertex 0.5055911630923644 1.3332893009411935 23.8
    endloop
  endfacet
  facet normal 0 0 1
    outer loop
      vertex 1.2129020865226998 0.5903774055580651 23.8
      vertex 0 3 23.8
      vertex 0.35423620695493474 1.5858097895220071 23.8
    endloop
  endfacet
  facet normal -0.26671275747489676 -0.9637760657954403 0
    outer loop
      vertex 2.2710594602902083 0.08990624041636819 21.3
      vertex 2.2710594602902083 0.08990624041636819 23.8
      vertex 2.129145968236613 0.1291789928033733 21.3
    endloop
  endfacet
  facet normal -0.21910124015687052 -0.9757021300385285 0
    outer loop
      vertex 2.2710594602902083 0.08990624041636819 21.3
      vertex 2.414729033951615 0.05764415879030871 21.3
      vertex 2.2710594602902083 0.08990624041636819 23.8
    endloop
  endfacet
  facet normal -0.17096188876030174 -0.9852776423889412 0
    outer loop
      vertex 2.414729033951615 0.05764415879030871 21.3
      vertex 2.5598085766339147 0.03247047010565707 21.3
      vertex 2.5598085766339147 0.03247047010565707 23.8
    endloop
  endfacet
  facet normal -0.1224106751992154 -0.9924795345987101 0
    outer loop
      vertex 2.5598085766339147 0.03247047010565707 21.3
      vertex 2.7059485790113182 0.014445819983409436 21.3
      vertex 2.7059485790113182 0.014445819983409436 23.8
    endloop
  endfacet
  facet normal -0.07356456359966686 -0.9972904566786903 0
    outer loop
      vertex 2.7059485790113182 0.014445819983409436 21.3
      vertex 2.852796977017746 0.003613631384483007 21.3
      vertex 2.7059485790113182 0.014445819983409436 23.8
    endloop
  endfacet
  facet normal -0.024541228522913537 -0.9996988186962041 0
    outer loop
      vertex 2.852796977017746 0.003613631384483007 21.3
      vertex 3 0 21.3
      vertex 3 0 23.8
    endloop
  endfacet
  facet normal -0.4052413140049888 -0.914209755703531 0
    outer loop
      vertex 1.7173347197091537 0.2880321206296701 21.3
      vertex 1.8519497029047307 0.22836140246614 21.3
      vertex 1.8519497029047307 0.22836140246614 23.8
    endloop
  endfacet
  facet normal -0.3598950365349911 -0.9329927988347377 0
    outer loop
      vertex 1.8519497029047307 0.22836140246614 21.3
      vertex 1.9893304398233398 0.17536780445093747 21.3
      vertex 1.8519497029047307 0.22836140246614 23.8
    endloop
  endfacet
  facet normal -0.31368174039889063 -0.9495281805930369 0
    outer loop
      vertex 1.9893304398233398 0.17536780445093747 21.3
      vertex 2.129145968236613 0.1291789928033733 21.3
      vertex 2.129145968236613 0.1291789928033733 23.8
    endloop
  endfacet
  facet normal -0.26671275747489676 -0.9637760657954403 0
    outer loop
      vertex 2.129145968236613 0.1291789928033733 21.3
      vertex 2.2710594602902083 0.08990624041636819 23.8
      vertex 2.129145968236613 0.1291789928033733 23.8
    endloop
  endfacet
  facet normal -0.21910124015687052 -0.9757021300385285 0
    outer loop
      vertex 2.414729033951615 0.05764415879030871 21.3
      vertex 2.414729033951615 0.05764415879030871 23.8
      vertex 2.2710594602902083 0.08990624041636819 23.8
    endloop
  endfacet
  facet normal -0.17096188876030174 -0.9852776423889412 0
    outer loop
      vertex 2.414729033951615 0.05764415879030871 21.3
      vertex 2.5598085766339147 0.03247047010565707 23.8
      vertex 2.414729033951615 0.05764415879030871 23.8
    endloop
  endfacet
  facet normal -0.1224106751992154 -0.9924795345987101 0
    outer loop
      vertex 2.5598085766339147 0.03247047010565707 21.3
      vertex 2.7059485790113182 0.014445819983409436 23.8
      vertex 2.5598085766339147 0.03247047010565707 23.8
    endloop
  endfacet
  facet normal -0.07356456359966686 -0.9972904566786903 0
    outer loop
      vertex 2.852796977017746 0.003613631384483007 21.3
      vertex 2.852796977017746 0.003613631384483007 23.8
      vertex 2.7059485790113182 0.014445819983409436 23.8
    endloop
  endfacet
  facet normal -0.024541228522913537 -0.9996988186962041 0
    outer loop
      vertex 2.852796977017746 0.003613631384483007 21.3
      vertex 3 0 23.8
      vertex 2.852796977017746 0.003613631384483007 23.8
    endloop
  endfacet
  facet normal 0 0 1
    outer loop
      vertex 2.414729033951615 0.05764415879030871 23.8
      vertex 1.9893304398233398 0.17536780445093747 23.8
      vertex 2.129145968236613 0.1291789928033733 23.8
    endloop
  endfacet
  facet normal 0 0 1
    outer loop
      vertex 2.2710594602902083 0.08990624041636819 23.8
      vertex 2.414729033951615 0.05764415879030871 23.8
      vertex 2.129145968236613 0.1291789928033733 23.8
    endloop
  endfacet
  facet normal 0 0 1
    outer loop
      vertex 2.414729033951615 0.05764415879030871 23.8
      vertex 2.852796977017746 0.003613631384483007 23.8
      vertex 1.9893304398233398 0.17536780445093747 23.8
    endloop
  endfacet
  facet normal 0 0 1
    outer loop
      vertex 2.414729033951615 0.05764415879030871 23.8
      vertex 2.5598085766339147 0.03247047010565707 23.8
      vertex 2.852796977017746 0.003613631384483007 23.8
    endloop
  endfacet
  facet normal 0 0 1
    outer loop
      vertex 2.5598085766339147 0.03247047010565707 23.8
      vertex 2.7059485790113182 0.014445819983409436 23.8
      vertex 2.852796977017746 0.003613631384483007 23.8
    endloop
  endfacet
  facet normal -0.4052413140049888 -0.914209755703531 0
    outer loop
      vertex 1.7173347197091537 0.2880321206296701 21.3
      vertex 1.8519497029047307 0.22836140246614 23.8
      vertex 1.7173347197091537 0.2880321206296701 23.8
    endloop
  endfacet
  facet normal -0.3598950365349911 -0.9329927988347377 0
    outer loop
      vertex 1.9893304398233398 0.17536780445093747 21.3
      vertex 1.9893304398233398 0.17536780445093747 23.8
      vertex 1.8519497029047307 0.22836140246614 23.8
    endloop
  endfacet
  facet normal -0.31368174039889063 -0.9495281805930369 0
    outer loop
      vertex 1.9893304398233398 0.17536780445093747 21.3
      vertex 2.129145968236613 0.1291789928033733 23.8
      vertex 1.9893304398233398 0.17536780445093747 23.8
    endloop
  endfacet
  facet normal 0 0 1
    outer loop
      vertex 1.7173347197091537 0.2880321206296701 23.8
      vertex 1.8519497029047307 0.22836140246614 23.8
      vertex 1.9893304398233398 0.17536780445093747 23.8
    endloop
  endfacet
  facet normal 0 0 1
    outer loop
      vertex 1.5858097895220071 0.35423620695493474 23.8
      vertex 1.7173347197091537 0.2880321206296701 23.8
      vertex 1.9893304398233398 0.17536780445093747 23.8
    endloop
  endfacet
  facet normal 0 0 1
    outer loop
      vertex 1.2129020865226998 0.5903774055580651 23.8
      vertex 1.9893304398233398 0.17536780445093747 23.8
      vertex 2.852796977017746 0.003613631384483007 23.8
    endloop
  endfacet
  facet normal 0 0 -1
    outer loop
      vertex 1.2129020865226998 0.5903774055580651 21.3
      vertex 0.014445819983409436 2.7059485790113182 21.3
      vertex 0.014445819983409436 13.294051420988682 21.3
    endloop
  endfacet
  facet normal 0 0 -1
    outer loop
      vertex 1.2129020865226998 0.5903774055580651 21.3
      vertex 0.014445819983409436 13.294051420988682 21.3
      vertex 2.5 3 21.3
    endloop
  endfacet
  facet normal 0 0 -1
    outer loop
      vertex 0.014445819983409436 2.7059485790113182 21.3
      vertex 0 3 21.3
      vertex 0.014445819983409436 13.294051420988682 21.3
    endloop
  endfacet
  facet normal -1 0 0
    outer loop
      vertex 0 3 21.3
      vertex 0 3 23.8
      vertex 0 13 23.8
    endloop
  endfacet
  facet normal 0 0 1
    outer loop
      vertex 1.2129020865226998 0.5903774055580651 23.8
      vertex 1.0968201475090635 15.31903136008821 23.8
      vertex 0 3 23.8
    endloop
  endfacet
  facet normal 0 0 -1
    outer loop
      vertex 1.2129020865226998 0.5903774055580651 21.3
      vertex 17.440191423366084 0.03247047010565707 21.3
      vertex 2.852796977017746 0.003613631384483007 21.3
    endloop
  endfacet
  facet normal 0 0 -1
    outer loop
      vertex 1.2129020865226998 0.5903774055580651 21.3
      vertex 2.5 3 21.3
      vertex 17.5 3 21.3
    endloop
  endfacet
  facet normal 0 0 -1
    outer loop
      vertex 2.852796977017746 0.003613631384483007 21.3
      vertex 17 0 21.3
      vertex 3 0 21.3
    endloop
  endfacet
  facet normal 0 0 1
    outer loop
      vertex 1.2129020865226998 0.5903774055580651 23.8
      vertex 2.852796977017746 0.003613631384483007 23.8
      vertex 17 0 23.8
    endloop
  endfacet
  facet normal 0 -1 0
    outer loop
      vertex 3 0 21.3
      vertex 17 0 21.3
      vertex 3 0 23.8
    endloop
  endfacet
  facet normal 0 0 1
    outer loop
      vertex 2.852796977017746 0.003613631384483007 23.8
      vertex 3 0 23.8
      vertex 17 0 23.8
    endloop
  endfacet
  facet normal 0 0 -1
    outer loop
      vertex 0 3 21.3
      vertex 0 13 21.3
      vertex 0.014445819983409436 13.294051420988682 21.3
    endloop
  endfacet
  facet normal 0 0 -1
    outer loop
      vertex 0.014445819983409436 13.294051420988682 21.3
      vertex 2.5 13 21.3
      vertex 2.5 3 21.3
    endloop
  endfacet
  facet normal -1 0 0
    outer loop
      vertex 0 3 21.3
      vertex 0 13 23.8
      vertex 0 13 21.3
    endloop
  endfacet
  facet normal 0 0 1
    outer loop
      vertex 0 3 23.8
      vertex 0.08990624041636819 12.271059460290209 23.8
      vertex 0 13 23.8
    endloop
  endfacet
  facet normal 0 0 1
    outer loop
      vertex 0 3 23.8
      vertex 0.9853231354589447 15.222853376064878 23.8
      vertex 0.08990624041636819 12.271059460290209 23.8
    endloop
  endfacet
  facet normal 0 0 1
    outer loop
      vertex 0 3 23.8
      vertex 1.0968201475090635 15.31903136008821 23.8
      vertex 0.9853231354589447 15.222853376064878 23.8
    endloop
  endfacet
  facet normal 0 0 -1
    outer loop
      vertex 0 13 21.3
      vertex 0.003613631384483007 13.147203022982254 21.3
      vertex 0.014445819983409436 13.294051420988682 21.3
    endloop
  endfacet
  facet normal 0 0 -1
    outer loop
      vertex 0.014445819983409436 13.294051420988682 21.3
      vertex 0.03247047010565707 13.440191423366086 21.3
      vertex 0.1291789928033733 13.870854031763386 21.3
    endloop
  endfacet
  facet normal 0 0 -1
    outer loop
      vertex 0.03247047010565707 13.440191423366086 21.3
      vertex 0.05764415879030871 13.585270966048384 21.3
      vertex 0.08990624041636819 13.728940539709791 21.3
    endloop
  endfacet
  facet normal 0 0 -1
    outer loop
      vertex 0.03247047010565707 13.440191423366086 21.3
      vertex 0.08990624041636819 13.728940539709791 21.3
      vertex 0.1291789928033733 13.870854031763386 21.3
    endloop
  endfacet
  facet normal 0 0 -1
    outer loop
      vertex 0.014445819983409436 13.294051420988682 21.3
      vertex 0.1291789928033733 13.870854031763386 21.3
      vertex 0.35423620695493474 14.414190210477994 21.3
    endloop
  endfacet
  facet normal 0 0 -1
    outer loop
      vertex 0.1291789928033733 13.870854031763386 21.3
      vertex 0.17536780445093747 14.01066956017666 21.3
      vertex 0.22836140246614 14.148050297095269 21.3
    endloop
  endfacet
  facet normal 0 0 -1
    outer loop
      vertex 0.1291789928033733 13.870854031763386 21.3
      vertex 0.22836140246614 14.148050297095269 21.3
      vertex 0.35423620695493474 14.414190210477994 21.3
    endloop
  endfacet
  facet normal 0 0 -1
    outer loop
      vertex 0.22836140246614 14.148050297095269 21.3
      vertex 0.2880321206296701 14.282665280290846 21.3
      vertex 0.35423620695493474 14.414190210477994 21.3
    endloop
  endfacet
  facet normal 0 0 -1
    outer loop
      vertex 0.014445819983409436 13.294051420988682 21.3
      vertex 0.35423620695493474 14.414190210477994 21.3
      vertex 0.9853231354589447 15.222853376064878 21.3
    endloop
  endfacet
  facet normal 0 0 -1
    outer loop
      vertex 0.35423620695493474 14.414190210477994 21.3
      vertex 0.42681416999918387 14.542308232579666 21.3
      vertex 0.5055911630923644 14.666710699058807 21.3
    endloop
  endfacet
  facet normal 0 0 -1
    outer loop
      vertex 0.35423620695493474 14.414190210477994 21.3
      vertex 0.5055911630923644 14.666710699058807 21.3
      vertex 0.6809686399117889 14.903179852490936 21.3
    endloop
  endfacet
  facet normal 0 0 -1
    outer loop
      vertex 0.5055911630923644 14.666710699058807 21.3
      vertex 0.5903774055580651 14.7870979134773 21.3
      vertex 0.6809686399117889 14.903179852490936 21.3
    endloop
  endfacet
  facet normal 0 0 -1
    outer loop
      vertex 0.35423620695493474 14.414190210477994 21.3
      vertex 0.6809686399117889 14.903179852490936 21.3
      vertex 0.9853231354589447 15.222853376064878 21.3
    endloop
  endfacet
  facet normal 0 0 -1
    outer loop
      vertex 0.6809686399117889 14.903179852490936 21.3
      vertex 0.7771466239351228 15.014676864541055 21.3
      vertex 0.8786796564403572 15.121320343559642 21.3
    endloop
  endfacet
  facet normal 0 0 -1
    outer loop
      vertex 0.6809686399117889 14.903179852490936 21.3
      vertex 0.8786796564403572 15.121320343559642 21.3
      vertex 0.9853231354589447 15.222853376064878 21.3
    endloop
  endfacet
  facet normal 0 0 -1
    outer loop
      vertex 0.014445819983409436 13.294051420988682 21.3
      vertex 0.9853231354589447 15.222853376064878 21.3
      vertex 3 16 21.3
    endloop
  endfacet
  facet normal 0 0 -1
    outer loop
      vertex 0.9853231354589447 15.222853376064878 21.3
      vertex 1.0968201475090635 15.31903136008821 21.3
      vertex 1.2129020865226998 15.409622594441934 21.3
    endloop
  endfacet
  facet normal 0 0 -1
    outer loop
      vertex 0.9853231354589447 15.222853376064878 21.3
      vertex 1.2129020865226998 15.409622594441934 21.3
      vertex 1.4576917674203347 15.573185830000817 21.3
    endloop
  endfacet
  facet normal 0 0 -1
    outer loop
      vertex 1.2129020865226998 15.409622594441934 21.3
      vertex 1.3332893009411935 15.494408836907635 21.3
      vertex 1.4576917674203347 15.573185830000817 21.3
    endloop
  endfacet
  facet normal 0 0 -1
    outer loop
      vertex 0.9853231354589447 15.222853376064878 21.3
      vertex 1.4576917674203347 15.573185830000817 21.3
      vertex 1.9893304398233398 15.824632195549063 21.3
    endloop
  endfacet
  facet normal 0 0 -1
    outer loop
      vertex 1.4576917674203347 15.573185830000817 21.3
      vertex 1.5858097895220071 15.645763793045065 21.3
      vertex 1.7173347197091537 15.71196787937033 21.3
    endloop
  endfacet
  facet normal 0 0 -1
    outer loop
      vertex 1.4576917674203347 15.573185830000817 21.3
      vertex 1.7173347197091537 15.71196787937033 21.3
      vertex 1.9893304398233398 15.824632195549063 21.3
    endloop
  endfacet
  facet normal 0 0 -1
    outer loop
      vertex 0.014445819983409436 13.294051420988682 21.3
      vertex 3 16 21.3
      vertex 2.5 13 21.3
    endloop
  endfacet
  facet normal 0 0 -1
    outer loop
      vertex 1.7173347197091537 15.71196787937033 21.3
      vertex 1.8519497029047307 15.77163859753386 21.3
      vertex 1.9893304398233398 15.824632195549063 21.3
    endloop
  endfacet
  facet normal 0 0 -1
    outer loop
      vertex 0.9853231354589447 15.222853376064878 21.3
      vertex 1.9893304398233398 15.824632195549063 21.3
      vertex 3 16 21.3
    endloop
  endfacet
  facet normal 0 0 -1
    outer loop
      vertex 1.9893304398233398 15.824632195549063 21.3
      vertex 2.129145968236613 15.870821007196627 21.3
      vertex 2.2710594602902083 15.910093759583631 21.3
    endloop
  endfacet
  facet normal 0 0 -1
    outer loop
      vertex 1.9893304398233398 15.824632195549063 21.3
      vertex 2.2710594602902083 15.910093759583631 21.3
      vertex 2.5598085766339147 15.967529529894342 21.3
    endloop
  endfacet
  facet normal 0 0 -1
    outer loop
      vertex 2.2710594602902083 15.910093759583631 21.3
      vertex 2.414729033951615 15.942355841209691 21.3
      vertex 2.5598085766339147 15.967529529894342 21.3
    endloop
  endfacet
  facet normal 0 0 -1
    outer loop
      vertex 1.9893304398233398 15.824632195549063 21.3
      vertex 2.5598085766339147 15.967529529894342 21.3
      vertex 3 16 21.3
    endloop
  endfacet
  facet normal 0 0 -1
    outer loop
      vertex 2.5598085766339147 15.967529529894342 21.3
      vertex 2.7059485790113182 15.98555418001659 21.3
      vertex 2.852796977017746 15.996386368615518 21.3
    endloop
  endfacet
  facet normal 0 0 -1
    outer loop
      vertex 2.5598085766339147 15.967529529894342 21.3
      vertex 2.852796977017746 15.996386368615518 21.3
      vertex 3 16 21.3
    endloop
  endfacet
  facet normal -0.9996988186962041 0.024541228522913613 0
    outer loop
      vertex 0 13 21.3
      vertex 0 13 23.8
      vertex 0.003613631384483007 13.147203022982254 21.3
    endloop
  endfacet
  facet normal -0.9972904566786903 0.07356456359966664 0
    outer loop
      vertex 0.003613631384483007 13.147203022982254 21.3
      vertex 0.014445819983409436 13.294051420988682 23.8
      vertex 0.014445819983409436 13.294051420988682 21.3
    endloop
  endfacet
  facet normal -0.9924795345987101 0.12241067519921503 0
    outer loop
      vertex 0.014445819983409436 13.294051420988682 21.3
      vertex 0.014445819983409436 13.294051420988682 23.8
      vertex 0.03247047010565707 13.440191423366086 21.3
    endloop
  endfacet
  facet normal -0.985277642388941 0.17096188876030327 0
    outer loop
      vertex 0.03247047010565707 13.440191423366086 21.3
      vertex 0.05764415879030871 13.585270966048384 23.8
      vertex 0.05764415879030871 13.585270966048384 21.3
    endloop
  endfacet
  facet normal -0.9757021300385285 0.21910124015686985 0
    outer loop
      vertex 0.05764415879030871 13.585270966048384 21.3
      vertex 0.05764415879030871 13.585270966048384 23.8
      vertex 0.08990624041636819 13.728940539709791 21.3
    endloop
  endfacet
  facet normal -0.9637760657954402 0.2667127574748976 0
    outer loop
      vertex 0.08990624041636819 13.728940539709791 21.3
      vertex 0.08990624041636819 13.728940539709791 23.8
      vertex 0.1291789928033733 13.870854031763386 21.3
    endloop
  endfacet
  facet normal -0.9495281805930378 0.31368174039888796 0
    outer loop
      vertex 0.1291789928033733 13.870854031763386 21.3
      vertex 0.1291789928033733 13.870854031763386 23.8
      vertex 0.17536780445093747 14.01066956017666 21.3
    endloop
  endfacet
  facet normal -0.932992798834737 0.35989503653499316 0
    outer loop
      vertex 0.17536780445093747 14.01066956017666 21.3
      vertex 0.17536780445093747 14.01066956017666 23.8
      vertex 0.22836140246614 14.148050297095269 21.3
    endloop
  endfacet
  facet normal -0.9142097557035316 0.4052413140049877 0
    outer loop
      vertex 0.22836140246614 14.148050297095269 21.3
      vertex 0.2880321206296701 14.282665280290846 23.8
      vertex 0.2880321206296701 14.282665280290846 21.3
    endloop
  endfacet
  facet normal -0.8932243011955171 0.4496113296546029 0
    outer loop
      vertex 0.2880321206296701 14.282665280290846 21.3
      vertex 0.2880321206296701 14.282665280290846 23.8
      vertex 0.35423620695493474 14.414190210477994 21.3
    endloop
  endfacet
  facet normal -0.8700869911087107 0.49289819222978537 0
    outer loop
      vertex 0.35423620695493474 14.414190210477994 21.3
      vertex 0.35423620695493474 14.414190210477994 23.8
      vertex 0.42681416999918387 14.542308232579666 21.3
    endloop
  endfacet
  facet normal -0.8448535652497068 0.5349976198870976 0
    outer loop
      vertex 0.42681416999918387 14.542308232579666 21.3
      vertex 0.42681416999918387 14.542308232579666 23.8
      vertex 0.5055911630923644 14.666710699058807 21.3
    endloop
  endfacet
  facet normal -0.8175848131515834 0.5758081914178457 0
    outer loop
      vertex 0.5055911630923644 14.666710699058807 21.3
      vertex 0.5903774055580651 14.7870979134773 23.8
      vertex 0.5903774055580651 14.7870979134773 21.3
    endloop
  endfacet
  facet normal -0.9996988186962041 0.024541228522913613 0
    outer loop
      vertex 0.003613631384483007 13.147203022982254 21.3
      vertex 0 13 23.8
      vertex 0.003613631384483007 13.147203022982254 23.8
    endloop
  endfacet
  facet normal -0.9972904566786903 0.07356456359966664 0
    outer loop
      vertex 0.003613631384483007 13.147203022982254 21.3
      vertex 0.003613631384483007 13.147203022982254 23.8
      vertex 0.014445819983409436 13.294051420988682 23.8
    endloop
  endfacet
  facet normal -0.9924795345987101 0.12241067519921503 0
    outer loop
      vertex 0.03247047010565707 13.440191423366086 21.3
      vertex 0.014445819983409436 13.294051420988682 23.8
      vertex 0.03247047010565707 13.440191423366086 23.8
    endloop
  endfacet
  facet normal -0.985277642388941 0.17096188876030327 0
    outer loop
      vertex 0.03247047010565707 13.440191423366086 21.3
      vertex 0.03247047010565707 13.440191423366086 23.8
      vertex 0.05764415879030871 13.585270966048384 23.8
    endloop
  endfacet
  facet normal 0 0 1
    outer loop
      vertex 0.08990624041636819 12.271059460290209 23.8
      vertex 0.1291789928033733 13.870854031763386 23.8
      vertex 0 13 23.8
    endloop
  endfacet
  facet normal 0 0 1
    outer loop
      vertex 0 13 23.8
      vertex 0.014445819983409436 13.294051420988682 23.8
      vertex 0.003613631384483007 13.147203022982254 23.8
    endloop
  endfacet
  facet normal 0 0 1
    outer loop
      vertex 0 13 23.8
      vertex 0.03247047010565707 13.440191423366086 23.8
      vertex 0.014445819983409436 13.294051420988682 23.8
    endloop
  endfacet
  facet normal 0 0 1
    outer loop
      vertex 0 13 23.8
      vertex 0.1291789928033733 13.870854031763386 23.8
      vertex 0.03247047010565707 13.440191423366086 23.8
    endloop
  endfacet
  facet normal 0 0 1
    outer loop
      vertex 0.03247047010565707 13.440191423366086 23.8
      vertex 0.08990624041636819 13.728940539709791 23.8
      vertex 0.05764415879030871 13.585270966048384 23.8
    endloop
  endfacet
  facet normal -0.9757021300385285 0.21910124015686985 0
    outer loop
      vertex 0.08990624041636819 13.728940539709791 21.3
      vertex 0.05764415879030871 13.585270966048384 23.8
      vertex 0.08990624041636819 13.728940539709791 23.8
    endloop
  endfacet
  facet normal -0.9637760657954402 0.2667127574748976 0
    outer loop
      vertex 0.1291789928033733 13.870854031763386 21.3
      vertex 0.08990624041636819 13.728940539709791 23.8
      vertex 0.1291789928033733 13.870854031763386 23.8
    endloop
  endfacet
  facet normal -0.9495281805930378 0.31368174039888796 0
    outer loop
      vertex 0.17536780445093747 14.01066956017666 21.3
      vertex 0.1291789928033733 13.870854031763386 23.8
      vertex 0.17536780445093747 14.01066956017666 23.8
    endloop
  endfacet
  facet normal -0.932992798834737 0.35989503653499316 0
    outer loop
      vertex 0.22836140246614 14.148050297095269 21.3
      vertex 0.17536780445093747 14.01066956017666 23.8
      vertex 0.22836140246614 14.148050297095269 23.8
    endloop
  endfacet
  facet normal -0.9142097557035316 0.4052413140049877 0
    outer loop
      vertex 0.22836140246614 14.148050297095269 21.3
      vertex 0.22836140246614 14.148050297095269 23.8
      vertex 0.2880321206296701 14.282665280290846 23.8
    endloop
  endfacet
  facet normal -0.8932243011955171 0.4496113296546029 0
    outer loop
      vertex 0.35423620695493474 14.414190210477994 21.3
      vertex 0.2880321206296701 14.282665280290846 23.8
      vertex 0.35423620695493474 14.414190210477994 23.8
    endloop
  endfacet
  facet normal 0 0 1
    outer loop
      vertex 0.03247047010565707 13.440191423366086 23.8
      vertex 0.1291789928033733 13.870854031763386 23.8
      vertex 0.08990624041636819 13.728940539709791 23.8
    endloop
  endfacet
  facet normal 0 0 1
    outer loop
      vertex 0.1291789928033733 13.870854031763386 23.8
      vertex 0.2880321206296701 14.282665280290846 23.8
      vertex 0.17536780445093747 14.01066956017666 23.8
    endloop
  endfacet
  facet normal 0 0 1
    outer loop
      vertex 0.17536780445093747 14.01066956017666 23.8
      vertex 0.2880321206296701 14.282665280290846 23.8
      vertex 0.22836140246614 14.148050297095269 23.8
    endloop
  endfacet
  facet normal 0 0 1
    outer loop
      vertex 0.1291789928033733 13.870854031763386 23.8
      vertex 0.5055911630923644 14.666710699058807 23.8
      vertex 0.2880321206296701 14.282665280290846 23.8
    endloop
  endfacet
  facet normal 0 0 1
    outer loop
      vertex 0.2880321206296701 14.282665280290846 23.8
      vertex 0.42681416999918387 14.542308232579666 23.8
      vertex 0.35423620695493474 14.414190210477994 23.8
    endloop
  endfacet
  facet normal -0.8700869911087107 0.49289819222978537 0
    outer loop
      vertex 0.42681416999918387 14.542308232579666 21.3
      vertex 0.35423620695493474 14.414190210477994 23.8
      vertex 0.42681416999918387 14.542308232579666 23.8
    endloop
  endfacet
  facet normal -0.8448535652497068 0.5349976198870976 0
    outer loop
      vertex 0.5055911630923644 14.666710699058807 21.3
      vertex 0.42681416999918387 14.542308232579666 23.8
      vertex 0.5055911630923644 14.666710699058807 23.8
    endloop
  endfacet
  facet normal -0.8175848131515834 0.5758081914178457 0
    outer loop
      vertex 0.5055911630923644 14.666710699058807 21.3
      vertex 0.5055911630923644 14.666710699058807 23.8
      vertex 0.5903774055580651 14.7870979134773 23.8
    endloop
  endfacet
  facet normal 0 0 1
    outer loop
      vertex 0.08990624041636819 12.271059460290209 23.8
      vertex 0.9853231354589447 15.222853376064878 23.8
      vertex 0.1291789928033733 13.870854031763386 23.8
    endloop
  endfacet
  facet normal 0 0 1
    outer loop
      vertex 0.2880321206296701 14.282665280290846 23.8
      vertex 0.5055911630923644 14.666710699058807 23.8
      vertex 0.42681416999918387 14.542308232579666 23.8
    endloop
  endfacet
  facet normal 0 0 1
    outer loop
      vertex 0.1291789928033733 13.870854031763386 23.8
      vertex 0.9853231354589447 15.222853376064878 23.8
      vertex 0.5055911630923644 14.666710699058807 23.8
    endloop
  endfacet
  facet normal -0.7883464276266053 0.6152315905806283 0
    outer loop
      vertex 0.5903774055580651 14.7870979134773 21.3
      vertex 0.5903774055580651 14.7870979134773 23.8
      vertex 0.6809686399117889 14.903179852490936 21.3
    endloop
  endfacet
  facet normal -0.7572088465064847 0.6531728429537765 0
    outer loop
      vertex 0.6809686399117889 14.903179852490936 21.3
      vertex 0.7771466239351228 15.014676864541055 23.8
      vertex 0.7771466239351228 15.014676864541055 21.3
    endloop
  endfacet
  facet normal -0.7242470829514656 0.6895405447370683 0
    outer loop
      vertex 0.7771466239351228 15.014676864541055 21.3
      vertex 0.7771466239351228 15.014676864541055 23.8
      vertex 0.8786796564403572 15.121320343559642 21.3
    endloop
  endfacet
  facet normal -0.68954054473707 0.7242470829514639 0
    outer loop
      vertex 0.8786796564403572 15.121320343559642 21.3
      vertex 0.9853231354589447 15.222853376064878 23.8
      vertex 0.9853231354589447 15.222853376064878 21.3
    endloop
  endfacet
  facet normal -0.6531728429537739 0.7572088465064871 0
    outer loop
      vertex 0.9853231354589447 15.222853376064878 21.3
      vertex 1.0968201475090635 15.31903136008821 23.8
      vertex 1.0968201475090635 15.31903136008821 21.3
    endloop
  endfacet
  facet normal -0.6152315905806275 0.7883464276266059 0
    outer loop
      vertex 1.0968201475090635 15.31903136008821 21.3
      vertex 1.0968201475090635 15.31903136008821 23.8
      vertex 1.2129020865226998 15.409622594441934 21.3
    endloop
  endfacet
  facet normal -0.5758081914178409 0.8175848131515868 0
    outer loop
      vertex 1.2129020865226998 15.409622594441934 21.3
      vertex 1.2129020865226998 15.409622594441934 23.8
      vertex 1.3332893009411935 15.494408836907635 21.3
    endloop
  endfacet
  facet normal -0.5349976198871069 0.844853565249701 0
    outer loop
      vertex 1.3332893009411935 15.494408836907635 21.3
      vertex 1.4576917674203347 15.573185830000817 23.8
      vertex 1.4576917674203347 15.573185830000817 21.3
    endloop
  endfacet
  facet normal -0.4928981922297778 0.8700869911087148 0
    outer loop
      vertex 1.4576917674203347 15.573185830000817 21.3
      vertex 1.4576917674203347 15.573185830000817 23.8
      vertex 1.5858097895220071 15.645763793045065 21.3
    endloop
  endfacet
  facet normal -0.44961132965461253 0.8932243011955123 0
    outer loop
      vertex 1.5858097895220071 15.645763793045065 21.3
      vertex 1.7173347197091537 15.71196787937033 23.8
      vertex 1.7173347197091537 15.71196787937033 21.3
    endloop
  endfacet
  facet normal -0.7883464276266053 0.6152315905806283 0
    outer loop
      vertex 0.6809686399117889 14.903179852490936 21.3
      vertex 0.5903774055580651 14.7870979134773 23.8
      vertex 0.6809686399117889 14.903179852490936 23.8
    endloop
  endfacet
  facet normal -0.7572088465064847 0.6531728429537765 0
    outer loop
      vertex 0.6809686399117889 14.903179852490936 21.3
      vertex 0.6809686399117889 14.903179852490936 23.8
      vertex 0.7771466239351228 15.014676864541055 23.8
    endloop
  endfacet
  facet normal -0.7242470829514656 0.6895405447370683 0
    outer loop
      vertex 0.8786796564403572 15.121320343559642 21.3
      vertex 0.7771466239351228 15.014676864541055 23.8
      vertex 0.8786796564403572 15.121320343559642 23.8
    endloop
  endfacet
  facet normal -0.68954054473707 0.7242470829514639 0
    outer loop
      vertex 0.8786796564403572 15.121320343559642 21.3
      vertex 0.8786796564403572 15.121320343559642 23.8
      vertex 0.9853231354589447 15.222853376064878 23.8
    endloop
  endfacet
  facet normal -0.6531728429537739 0.7572088465064871 0
    outer loop
      vertex 0.9853231354589447 15.222853376064878 21.3
      vertex 0.9853231354589447 15.222853376064878 23.8
      vertex 1.0968201475090635 15.31903136008821 23.8
    endloop
  endfacet
  facet normal -0.6152315905806275 0.7883464276266059 0
    outer loop
      vertex 1.2129020865226998 15.409622594441934 21.3
      vertex 1.0968201475090635 15.31903136008821 23.8
      vertex 1.2129020865226998 15.409622594441934 23.8
    endloop
  endfacet
  facet normal -0.5758081914178409 0.8175848131515868 0
    outer loop
      vertex 1.3332893009411935 15.494408836907635 21.3
      vertex 1.2129020865226998 15.409622594441934 23.8
      vertex 1.3332893009411935 15.494408836907635 23.8
    endloop
  endfacet
  facet normal -0.5349976198871069 0.844853565249701 0
    outer loop
      vertex 1.3332893009411935 15.494408836907635 21.3
      vertex 1.3332893009411935 15.494408836907635 23.8
      vertex 1.4576917674203347 15.573185830000817 23.8
    endloop
  endfacet
  facet normal -0.4928981922297778 0.8700869911087148 0
    outer loop
      vertex 1.5858097895220071 15.645763793045065 21.3
      vertex 1.4576917674203347 15.573185830000817 23.8
      vertex 1.5858097895220071 15.645763793045065 23.8
    endloop
  endfacet
  facet normal -0.44961132965461253 0.8932243011955123 0
    outer loop
      vertex 1.5858097895220071 15.645763793045065 21.3
      vertex 1.5858097895220071 15.645763793045065 23.8
      vertex 1.7173347197091537 15.71196787937033 23.8
    endloop
  endfacet
  facet normal 0 0 1
    outer loop
      vertex 0.5055911630923644 14.666710699058807 23.8
      vertex 0.6809686399117889 14.903179852490936 23.8
      vertex 0.5903774055580651 14.7870979134773 23.8
    endloop
  endfacet
  facet normal 0 0 1
    outer loop
      vertex 0.5055911630923644 14.666710699058807 23.8
      vertex 0.7771466239351228 15.014676864541055 23.8
      vertex 0.6809686399117889 14.903179852490936 23.8
    endloop
  endfacet
  facet normal 0 0 1
    outer loop
      vertex 0.5055911630923644 14.666710699058807 23.8
      vertex 0.9853231354589447 15.222853376064878 23.8
      vertex 0.7771466239351228 15.014676864541055 23.8
    endloop
  endfacet
  facet normal 0 0 1
    outer loop
      vertex 0.7771466239351228 15.014676864541055 23.8
      vertex 0.9853231354589447 15.222853376064878 23.8
      vertex 0.8786796564403572 15.121320343559642 23.8
    endloop
  endfacet
  facet normal 0 0 1
    outer loop
      vertex 1.0968201475090635 15.31903136008821 23.8
      vertex 1.4576917674203347 15.573185830000817 23.8
      vertex 1.2129020865226998 15.409622594441934 23.8
    endloop
  endfacet
  facet normal 0 0 1
    outer loop
      vertex 1.2129020865226998 15.409622594441934 23.8
      vertex 1.4576917674203347 15.573185830000817 23.8
      vertex 1.3332893009411935 15.494408836907635 23.8
    endloop
  endfacet
  facet normal 0 0 1
    outer loop
      vertex 1.0968201475090635 15.31903136008821 23.8
      vertex 1.9893304398233398 15.824632195549063 23.8
      vertex 1.4576917674203347 15.573185830000817 23.8
    endloop
  endfacet
  facet normal 0 0 1
    outer loop
      vertex 1.4576917674203347 15.573185830000817 23.8
      vertex 1.7173347197091537 15.71196787937033 23.8
      vertex 1.5858097895220071 15.645763793045065 23.8
    endloop
  endfacet
  facet normal 0 0 1
    outer loop
      vertex 1.4576917674203347 15.573185830000817 23.8
      vertex 1.9893304398233398 15.824632195549063 23.8
      vertex 1.7173347197091537 15.71196787937033 23.8
    endloop
  endfacet
  facet normal -0.40524131400498375 0.9142097557035332 0
    outer loop
      vertex 1.7173347197091537 15.71196787937033 21.3
      vertex 1.7173347197091537 15.71196787937033 23.8
      vertex 1.8519497029047307 15.77163859753386 21.3
    endloop
  endfacet
  facet normal -0.3598950365349911 0.9329927988347377 0
    outer loop
      vertex 1.8519497029047307 15.77163859753386 21.3
      vertex 1.9893304398233398 15.824632195549063 23.8
      vertex 1.9893304398233398 15.824632195549063 21.3
    endloop
  endfacet
  facet normal -0.31368174039889063 0.9495281805930369 0
    outer loop
      vertex 1.9893304398233398 15.824632195549063 21.3
      vertex 2.129145968236613 15.870821007196627 23.8
      vertex 2.129145968236613 15.870821007196627 21.3
    endloop
  endfacet
  facet normal -0.266712757474894 0.9637760657954412 0
    outer loop
      vertex 2.129145968236613 15.870821007196627 21.3
      vertex 2.129145968236613 15.870821007196627 23.8
      vertex 2.2710594602902083 15.910093759583631 21.3
    endloop
  endfacet
  facet normal -0.21910124015687338 0.9757021300385277 0
    outer loop
      vertex 2.2710594602902083 15.910093759583631 21.3
      vertex 2.414729033951615 15.942355841209691 23.8
      vertex 2.414729033951615 15.942355841209691 21.3
    endloop
  endfacet
  facet normal -0.1709618887602988 0.9852776423889417 0
    outer loop
      vertex 2.414729033951615 15.942355841209691 21.3
      vertex 2.414729033951615 15.942355841209691 23.8
      vertex 2.5598085766339147 15.967529529894342 21.3
    endloop
  endfacet
  facet normal -0.12241067519921839 0.9924795345987097 0
    outer loop
      vertex 2.5598085766339147 15.967529529894342 21.3
      vertex 2.7059485790113182 15.98555418001659 23.8
      vertex 2.7059485790113182 15.98555418001659 21.3
    endloop
  endfacet
  facet normal -0.07356456359967284 0.9972904566786897 0
    outer loop
      vertex 2.7059485790113182 15.98555418001659 21.3
      vertex 2.7059485790113182 15.98555418001659 23.8
      vertex 2.852796977017746 15.996386368615518 21.3
    endloop
  endfacet
  facet normal -0.02454122852290751 0.9996988186962042 0
    outer loop
      vertex 2.852796977017746 15.996386368615518 21.3
      vertex 2.852796977017746 15.996386368615518 23.8
      vertex 3 16 21.3
    endloop
  endfacet
  facet normal -0.40524131400498375 0.9142097557035332 0
    outer loop
      vertex 1.8519497029047307 15.77163859753386 21.3
      vertex 1.7173347197091537 15.71196787937033 23.8
      vertex 1.8519497029047307 15.77163859753386 23.8
    endloop
  endfacet
  facet normal -0.3598950365349911 0.9329927988347377 0
    outer loop
      vertex 1.8519497029047307 15.77163859753386 21.3
      vertex 1.8519497029047307 15.77163859753386 23.8
      vertex 1.9893304398233398 15.824632195549063 23.8
    endloop
  endfacet
  facet normal -0.31368174039889063 0.9495281805930369 0
    outer loop
      vertex 1.9893304398233398 15.824632195549063 21.3
      vertex 1.9893304398233398 15.824632195549063 23.8
      vertex 2.129145968236613 15.870821007196627 23.8
    endloop
  endfacet
  facet normal 0 0 1
    outer loop
      vertex 1.7173347197091537 15.71196787937033 23.8
      vertex 1.9893304398233398 15.824632195549063 23.8
      vertex 1.8519497029047307 15.77163859753386 23.8
    endloop
  endfacet
  facet normal 0 0 1
    outer loop
      vertex 1.0968201475090635 15.31903136008821 23.8
      vertex 3 16 23.8
      vertex 1.9893304398233398 15.824632195549063 23.8
    endloop
  endfacet
  facet normal 0 0 1
    outer loop
      vertex 1.9893304398233398 15.824632195549063 23.8
      vertex 2.2710594602902083 15.910093759583631 23.8
      vertex 2.129145968236613 15.870821007196627 23.8
    endloop
  endfacet
  facet normal -0.266712757474894 0.9637760657954412 0
    outer loop
      vertex 2.2710594602902083 15.910093759583631 21.3
      vertex 2.129145968236613 15.870821007196627 23.8
      vertex 2.2710594602902083 15.910093759583631 23.8
    endloop
  endfacet
  facet normal -0.21910124015687338 0.9757021300385277 0
    outer loop
      vertex 2.2710594602902083 15.910093759583631 21.3
      vertex 2.2710594602902083 15.910093759583631 23.8
      vertex 2.414729033951615 15.942355841209691 23.8
    endloop
  endfacet
  facet normal -0.1709618887602988 0.9852776423889417 0
    outer loop
      vertex 2.5598085766339147 15.967529529894342 21.3
      vertex 2.414729033951615 15.942355841209691 23.8
      vertex 2.5598085766339147 15.967529529894342 23.8
    endloop
  endfacet
  facet normal -0.12241067519921839 0.9924795345987097 0
    outer loop
      vertex 2.5598085766339147 15.967529529894342 21.3
      vertex 2.5598085766339147 15.967529529894342 23.8
      vertex 2.7059485790113182 15.98555418001659 23.8
    endloop
  endfacet
  facet normal -0.07356456359967284 0.9972904566786897 0
    outer loop
      vertex 2.852796977017746 15.996386368615518 21.3
      vertex 2.7059485790113182 15.98555418001659 23.8
      vertex 2.852796977017746 15.996386368615518 23.8
    endloop
  endfacet
  facet normal -0.02454122852290751 0.9996988186962042 0
    outer loop
      vertex 3 16 21.3
      vertex 2.852796977017746 15.996386368615518 23.8
      vertex 3 16 23.8
    endloop
  endfacet
  facet normal 0 0 1
    outer loop
      vertex 1.9893304398233398 15.824632195549063 23.8
      vertex 2.5598085766339147 15.967529529894342 23.8
      vertex 2.2710594602902083 15.910093759583631 23.8
    endloop
  endfacet
  facet normal 0 0 1
    outer loop
      vertex 2.2710594602902083 15.910093759583631 23.8
      vertex 2.5598085766339147 15.967529529894342 23.8
      vertex 2.414729033951615 15.942355841209691 23.8
    endloop
  endfacet
  facet normal 0 0 1
    outer loop
      vertex 1.9893304398233398 15.824632195549063 23.8
      vertex 3 16 23.8
      vertex 2.5598085766339147 15.967529529894342 23.8
    endloop
  endfacet
  facet normal 0 0 1
    outer loop
      vertex 2.5598085766339147 15.967529529894342 23.8
      vertex 2.852796977017746 15.996386368615518 23.8
      vertex 2.7059485790113182 15.98555418001659 23.8
    endloop
  endfacet
  facet normal 0 0 1
    outer loop
      vertex 2.5598085766339147 15.967529529894342 23.8
      vertex 3 16 23.8
      vertex 2.852796977017746 15.996386368615518 23.8
    endloop
  endfacet
  facet normal 0 0 1
    outer loop
      vertex 1.2129020865226998 0.5903774055580651 23.8
      vertex 18.7870979134773 15.409622594441934 23.8
      vertex 1.0968201475090635 15.31903136008821 23.8
    endloop
  endfacet
  facet normal 0 0 -1
    outer loop
      vertex 3 16 21.3
      vertex 18.7870979134773 15.409622594441934 21.3
      vertex 2.5 13 21.3
    endloop
  endfacet
  facet normal 0 0 1
    outer loop
      vertex 1.0968201475090635 15.31903136008821 23.8
      vertex 18.7870979134773 15.409622594441934 23.8
      vertex 3 16 23.8
    endloop
  endfacet
  facet normal 0 1 0
    outer loop
      vertex 3 16 21.3
      vertex 3 16 23.8
      vertex 17 16 23.8
    endloop
  endfacet
  facet normal 0 0 -1
    outer loop
      vertex 2.852796977017746 0.003613631384483007 21.3
      vertex 17.440191423366084 0.03247047010565707 21.3
      vertex 17 0 21.3
    endloop
  endfacet
  facet normal 0 0 -1
    outer loop
      vertex 1.2129020865226998 0.5903774055580651 21.3
      vertex 20 3 21.3
      vertex 17.440191423366084 0.03247047010565707 21.3
    endloop
  endfacet
  facet normal 0 0 -1
    outer loop
      vertex 1.2129020865226998 0.5903774055580651 21.3
      vertex 17.5 3 21.3
      vertex 20 3 21.3
    endloop
  endfacet
  facet normal 0 -1 0
    outer loop
      vertex 3 0 23.8
      vertex 17 0 21.3
      vertex 17 0 23.8
    endloop
  endfacet
  facet normal 0 0 1
    outer loop
      vertex 1.2129020865226998 0.5903774055580651 23.8
      vertex 17 0 23.8
      vertex 18.903179852490936 0.6809686399117889 23.8
    endloop
  endfacet
  facet normal 0 0 1
    outer loop
      vertex 1.2129020865226998 0.5903774055580651 23.8
      vertex 18.903179852490936 0.6809686399117889 23.8
      vertex 18.7870979134773 15.409622594441934 23.8
    endloop
  endfacet
  facet normal 0 0 -1
    outer loop
      vertex 17 0 21.3
      vertex 17.294051420988684 0.014445819983409436 21.3
      vertex 17.147203022982254 0.003613631384483007 21.3
    endloop
  endfacet
  facet normal 0 0 -1
    outer loop
      vertex 17 0 21.3
      vertex 17.440191423366084 0.03247047010565707 21.3
      vertex 17.294051420988684 0.014445819983409436 21.3
    endloop
  endfacet
  facet normal 0 0 -1
    outer loop
      vertex 17.440191423366084 0.03247047010565707 21.3
      vertex 17.728940539709793 0.08990624041636819 21.3
      vertex 17.585270966048384 0.05764415879030871 21.3
    endloop
  endfacet
  facet normal 0 0 -1
    outer loop
      vertex 17.440191423366084 0.03247047010565707 21.3
      vertex 17.870854031763386 0.1291789928033733 21.3
      vertex 17.728940539709793 0.08990624041636819 21.3
    endloop
  endfacet
  facet normal 0 0 -1
    outer loop
      vertex 17.440191423366084 0.03247047010565707 21.3
      vertex 18.414190210477994 0.35423620695493474 21.3
      vertex 17.870854031763386 0.1291789928033733 21.3
    endloop
  endfacet
  facet normal 0 0 -1
    outer loop
      vertex 17.870854031763386 0.1291789928033733 21.3
      vertex 18.14805029709527 0.22836140246614 21.3
      vertex 18.01066956017666 0.17536780445093747 21.3
    endloop
  endfacet
  facet normal 0 0 -1
    outer loop
      vertex 17.870854031763386 0.1291789928033733 21.3
      vertex 18.414190210477994 0.35423620695493474 21.3
      vertex 18.14805029709527 0.22836140246614 21.3
    endloop
  endfacet
  facet normal 0 0 -1
    outer loop
      vertex 18.14805029709527 0.22836140246614 21.3
      vertex 18.414190210477994 0.35423620695493474 21.3
      vertex 18.282665280290846 0.2880321206296701 21.3
    endloop
  endfacet
  facet normal 0 0 -1
    outer loop
      vertex 17.440191423366084 0.03247047010565707 21.3
      vertex 19.222853376064876 0.9853231354589447 21.3
      vertex 18.414190210477994 0.35423620695493474 21.3
    endloop
  endfacet
  facet normal 0 0 -1
    outer loop
      vertex 18.414190210477994 0.35423620695493474 21.3
      vertex 18.666710699058807 0.5055911630923644 21.3
      vertex 18.542308232579664 0.42681416999918387 21.3
    endloop
  endfacet
  facet normal 0 0 -1
    outer loop
      vertex 18.414190210477994 0.35423620695493474 21.3
      vertex 18.7870979134773 0.5903774055580651 21.3
      vertex 18.666710699058807 0.5055911630923644 21.3
    endloop
  endfacet
  facet normal 0 0 -1
    outer loop
      vertex 18.414190210477994 0.35423620695493474 21.3
      vertex 19.222853376064876 0.9853231354589447 21.3
      vertex 18.7870979134773 0.5903774055580651 21.3
    endloop
  endfacet
  facet normal 0 0 -1
    outer loop
      vertex 18.7870979134773 0.5903774055580651 21.3
      vertex 19.014676864541055 0.7771466239351228 21.3
      vertex 18.903179852490936 0.6809686399117889 21.3
    endloop
  endfacet
  facet normal 0 0 -1
    outer loop
      vertex 18.7870979134773 0.5903774055580651 21.3
      vertex 19.222853376064876 0.9853231354589447 21.3
      vertex 19.014676864541055 0.7771466239351228 21.3
    endloop
  endfacet
  facet normal 0 0 -1
    outer loop
      vertex 19.014676864541055 0.7771466239351228 21.3
      vertex 19.222853376064876 0.9853231354589447 21.3
      vertex 19.121320343559642 0.8786796564403572 21.3
    endloop
  endfacet
  facet normal 0 0 -1
    outer loop
      vertex 19.222853376064876 0.9853231354589447 21.3
      vertex 19.409622594441934 1.2129020865226998 21.3
      vertex 19.31903136008821 1.0968201475090635 21.3
    endloop
  endfacet
  facet normal 0 0 -1
    outer loop
      vertex 19.222853376064876 0.9853231354589447 21.3
      vertex 19.573185830000817 1.4576917674203347 21.3
      vertex 19.409622594441934 1.2129020865226998 21.3
    endloop
  endfacet
  facet normal 0 0 -1
    outer loop
      vertex 17.440191423366084 0.03247047010565707 21.3
      vertex 20 3 21.3
      vertex 19.222853376064876 0.9853231354589447 21.3
    endloop
  endfacet
  facet normal 0 0 -1
    outer loop
      vertex 19.409622594441934 1.2129020865226998 21.3
      vertex 19.573185830000817 1.4576917674203347 21.3
      vertex 19.494408836907635 1.3332893009411935 21.3
    endloop
  endfacet
  facet normal 0 0 -1
    outer loop
      vertex 19.222853376064876 0.9853231354589447 21.3
      vertex 19.771638597533858 1.8519497029047307 21.3
      vertex 19.573185830000817 1.4576917674203347 21.3
    endloop
  endfacet
  facet normal 0 0 -1
    outer loop
      vertex 19.573185830000817 1.4576917674203347 21.3
      vertex 19.771638597533858 1.8519497029047307 21.3
      vertex 19.645763793045067 1.5858097895220071 21.3
    endloop
  endfacet
  facet normal 0 0 -1
    outer loop
      vertex 19.645763793045067 1.5858097895220071 21.3
      vertex 19.771638597533858 1.8519497029047307 21.3
      vertex 19.71196787937033 1.7173347197091537 21.3
    endloop
  endfacet
  facet normal 0 0 -1
    outer loop
      vertex 19.222853376064876 0.9853231354589447 21.3
      vertex 20 3 21.3
      vertex 19.771638597533858 1.8519497029047307 21.3
    endloop
  endfacet
  facet normal 0 0 -1
    outer loop
      vertex 19.771638597533858 1.8519497029047307 21.3
      vertex 19.870821007196625 2.129145968236613 21.3
      vertex 19.824632195549064 1.9893304398233398 21.3
    endloop
  endfacet
  facet normal 0 0 -1
    outer loop
      vertex 19.771638597533858 1.8519497029047307 21.3
      vertex 19.94235584120969 2.414729033951615 21.3
      vertex 19.870821007196625 2.129145968236613 21.3
    endloop
  endfacet
  facet normal 0 0 -1
    outer loop
      vertex 19.870821007196625 2.129145968236613 21.3
      vertex 19.94235584120969 2.414729033951615 21.3
      vertex 19.91009375958363 2.2710594602902083 21.3
    endloop
  endfacet
  facet normal 0 0 -1
    outer loop
      vertex 19.771638597533858 1.8519497029047307 21.3
      vertex 20 3 21.3
      vertex 19.94235584120969 2.414729033951615 21.3
    endloop
  endfacet
  facet normal 0 0 -1
    outer loop
      vertex 19.94235584120969 2.414729033951615 21.3
      vertex 19.985554180016592 2.7059485790113182 21.3
      vertex 19.967529529894342 2.5598085766339147 21.3
    endloop
  endfacet
  facet normal 0 0 -1
    outer loop
      vertex 19.94235584120969 2.414729033951615 21.3
      vertex 20 3 21.3
      vertex 19.985554180016592 2.7059485790113182 21.3
    endloop
  endfacet
  facet normal 0 0 -1
    outer loop
      vertex 19.985554180016592 2.7059485790113182 21.3
      vertex 20 3 21.3
      vertex 19.996386368615518 2.852796977017746 21.3
    endloop
  endfacet
  facet normal 0.024541228522913613 -0.9996988186962041 0
    outer loop
      vertex 17 0 21.3
      vertex 17.147203022982254 0.003613631384483007 21.3
      vertex 17.147203022982254 0.003613631384483007 23.8
    endloop
  endfacet
  facet normal 0.07356456359966575 -0.9972904566786903 0
    outer loop
      vertex 17.147203022982254 0.003613631384483007 21.3
      vertex 17.294051420988684 0.014445819983409436 21.3
      vertex 17.147203022982254 0.003613631384483007 23.8
    endloop
  endfacet
  facet normal 0.12241067519921797 -0.9924795345987097 0
    outer loop
      vertex 17.294051420988684 0.014445819983409436 21.3
      vertex 17.440191423366084 0.03247047010565707 21.3
      vertex 17.440191423366084 0.03247047010565707 23.8
    endloop
  endfacet
  facet normal 0.17096188876030122 -0.9852776423889412 0
    outer loop
      vertex 17.440191423366084 0.03247047010565707 21.3
      vertex 17.585270966048384 0.05764415879030871 21.3
      vertex 17.585270966048384 0.05764415879030871 23.8
    endloop
  endfacet
  facet normal 0.21910124015686727 -0.9757021300385291 0
    outer loop
      vertex 17.585270966048384 0.05764415879030871 21.3
      vertex 17.728940539709793 0.08990624041636819 21.3
      vertex 17.585270966048384 0.05764415879030871 23.8
    endloop
  endfacet
  facet normal 0.2667127574749007 -0.9637760657954393 0
    outer loop
      vertex 17.728940539709793 0.08990624041636819 21.3
      vertex 17.870854031763386 0.1291789928033733 21.3
      vertex 17.728940539709793 0.08990624041636819 23.8
    endloop
  endfacet
  facet normal 0.3136817403988916 -0.9495281805930366 0
    outer loop
      vertex 17.870854031763386 0.1291789928033733 21.3
      vertex 18.01066956017666 0.17536780445093747 21.3
      vertex 18.01066956017666 0.17536780445093747 23.8
    endloop
  endfacet
  facet normal 0.35989503653498506 -0.9329927988347401 0
    outer loop
      vertex 18.01066956017666 0.17536780445093747 21.3
      vertex 18.14805029709527 0.22836140246614 21.3
      vertex 18.01066956017666 0.17536780445093747 23.8
    endloop
  endfacet
  facet normal 0.4052413140049922 -0.9142097557035296 0
    outer loop
      vertex 18.14805029709527 0.22836140246614 21.3
      vertex 18.282665280290846 0.2880321206296701 21.3
      vertex 18.14805029709527 0.22836140246614 23.8
    endloop
  endfacet
  facet normal 0.024541228522913613 -0.9996988186962041 0
    outer loop
      vertex 17 0 21.3
      vertex 17.147203022982254 0.003613631384483007 23.8
      vertex 17 0 23.8
    endloop
  endfacet
  facet normal 0.07356456359966575 -0.9972904566786903 0
    outer loop
      vertex 17.294051420988684 0.014445819983409436 21.3
      vertex 17.294051420988684 0.014445819983409436 23.8
      vertex 17.147203022982254 0.003613631384483007 23.8
    endloop
  endfacet
  facet normal 0.12241067519921797 -0.9924795345987097 0
    outer loop
      vertex 17.294051420988684 0.014445819983409436 21.3
      vertex 17.440191423366084 0.03247047010565707 23.8
      vertex 17.294051420988684 0.014445819983409436 23.8
    endloop
  endfacet
  facet normal 0.17096188876030122 -0.9852776423889412 0
    outer loop
      vertex 17.440191423366084 0.03247047010565707 21.3
      vertex 17.585270966048384 0.05764415879030871 23.8
      vertex 17.440191423366084 0.03247047010565707 23.8
    endloop
  endfacet
  facet normal 0.21910124015686727 -0.9757021300385291 0
    outer loop
      vertex 17.728940539709793 0.08990624041636819 21.3
      vertex 17.728940539709793 0.08990624041636819 23.8
      vertex 17.585270966048384 0.05764415879030871 23.8
    endloop
  endfacet
  facet normal 0.2667127574749007 -0.9637760657954393 0
    outer loop
      vertex 17.870854031763386 0.1291789928033733 21.3
      vertex 17.870854031763386 0.1291789928033733 23.8
      vertex 17.728940539709793 0.08990624041636819 23.8
    endloop
  endfacet
  facet normal 0 0 1
    outer loop
      vertex 17 0 23.8
      vertex 17.147203022982254 0.003613631384483007 23.8
      vertex 17.440191423366084 0.03247047010565707 23.8
    endloop
  endfacet
  facet normal 0 0 1
    outer loop
      vertex 17.147203022982254 0.003613631384483007 23.8
      vertex 17.294051420988684 0.014445819983409436 23.8
      vertex 17.440191423366084 0.03247047010565707 23.8
    endloop
  endfacet
  facet normal 0 0 1
    outer loop
      vertex 17 0 23.8
      vertex 17.440191423366084 0.03247047010565707 23.8
      vertex 18.01066956017666 0.17536780445093747 23.8
    endloop
  endfacet
  facet normal 0 0 1
    outer loop
      vertex 17.440191423366084 0.03247047010565707 23.8
      vertex 17.585270966048384 0.05764415879030871 23.8
      vertex 17.728940539709793 0.08990624041636819 23.8
    endloop
  endfacet
  facet normal 0 0 1
    outer loop
      vertex 17.440191423366084 0.03247047010565707 23.8
      vertex 17.728940539709793 0.08990624041636819 23.8
      vertex 18.01066956017666 0.17536780445093747 23.8
    endloop
  endfacet
  facet normal 0.3136817403988916 -0.9495281805930366 0
    outer loop
      vertex 17.870854031763386 0.1291789928033733 21.3
      vertex 18.01066956017666 0.17536780445093747 23.8
      vertex 17.870854031763386 0.1291789928033733 23.8
    endloop
  endfacet
  facet normal 0.35989503653498506 -0.9329927988347401 0
    outer loop
      vertex 18.14805029709527 0.22836140246614 21.3
      vertex 18.14805029709527 0.22836140246614 23.8
      vertex 18.01066956017666 0.17536780445093747 23.8
    endloop
  endfacet
  facet normal 0.4052413140049922 -0.9142097557035296 0
    outer loop
      vertex 18.282665280290846 0.2880321206296701 21.3
      vertex 18.282665280290846 0.2880321206296701 23.8
      vertex 18.14805029709527 0.22836140246614 23.8
    endloop
  endfacet
  facet normal 0 0 1
    outer loop
      vertex 17.728940539709793 0.08990624041636819 23.8
      vertex 17.870854031763386 0.1291789928033733 23.8
      vertex 18.01066956017666 0.17536780445093747 23.8
    endloop
  endfacet
  facet normal 0 0 1
    outer loop
      vertex 17 0 23.8
      vertex 18.01066956017666 0.17536780445093747 23.8
      vertex 18.903179852490936 0.6809686399117889 23.8
    endloop
  endfacet
  facet normal 0 0 1
    outer loop
      vertex 18.01066956017666 0.17536780445093747 23.8
      vertex 18.14805029709527 0.22836140246614 23.8
      vertex 18.414190210477994 0.35423620695493474 23.8
    endloop
  endfacet
  facet normal 0.4496113296546029 -0.8932243011955171 0
    outer loop
      vertex 18.282665280290846 0.2880321206296701 21.3
      vertex 18.414190210477994 0.35423620695493474 21.3
      vertex 18.414190210477994 0.35423620695493474 23.8
    endloop
  endfacet
  facet normal 0.4928981922297905 -0.8700869911087077 0
    outer loop
      vertex 18.414190210477994 0.35423620695493474 21.3
      vertex 18.542308232579664 0.42681416999918387 21.3
      vertex 18.542308232579664 0.42681416999918387 23.8
    endloop
  endfacet
  facet normal 0.534997619887092 -0.8448535652497102 0
    outer loop
      vertex 18.542308232579664 0.42681416999918387 21.3
      vertex 18.666710699058807 0.5055911630923644 21.3
      vertex 18.542308232579664 0.42681416999918387 23.8
    endloop
  endfacet
  facet normal 0.5758081914178457 -0.8175848131515834 0
    outer loop
      vertex 18.666710699058807 0.5055911630923644 21.3
      vertex 18.7870979134773 0.5903774055580651 21.3
      vertex 18.7870979134773 0.5903774055580651 23.8
    endloop
  endfacet
  facet normal 0.6152315905806283 -0.7883464276266053 0
    outer loop
      vertex 18.7870979134773 0.5903774055580651 21.3
      vertex 18.903179852490936 0.6809686399117889 21.3
      vertex 18.903179852490936 0.6809686399117889 23.8
    endloop
  endfacet
  facet normal 0.6531728429537765 -0.7572088465064847 0
    outer loop
      vertex 18.903179852490936 0.6809686399117889 21.3
      vertex 19.014676864541055 0.7771466239351228 21.3
      vertex 18.903179852490936 0.6809686399117889 23.8
    endloop
  endfacet
  facet normal 0.6895405447370683 -0.7242470829514656 0
    outer loop
      vertex 19.014676864541055 0.7771466239351228 21.3
      vertex 19.121320343559642 0.8786796564403572 21.3
      vertex 19.121320343559642 0.8786796564403572 23.8
    endloop
  endfacet
  facet normal 0.7242470829514699 -0.6895405447370637 0
    outer loop
      vertex 19.121320343559642 0.8786796564403572 21.3
      vertex 19.222853376064876 0.9853231354589447 21.3
      vertex 19.121320343559642 0.8786796564403572 23.8
    endloop
  endfacet
  facet normal 0.757208846506481 -0.6531728429537808 0
    outer loop
      vertex 19.222853376064876 0.9853231354589447 21.3
      vertex 19.31903136008821 1.0968201475090635 21.3
      vertex 19.31903136008821 1.0968201475090635 23.8
    endloop
  endfacet
  facet normal 0.7883464276266059 -0.6152315905806275 0
    outer loop
      vertex 19.31903136008821 1.0968201475090635 21.3
      vertex 19.409622594441934 1.2129020865226998 21.3
      vertex 19.31903136008821 1.0968201475090635 23.8
    endloop
  endfacet
  facet normal 0.4496113296546029 -0.8932243011955171 0
    outer loop
      vertex 18.282665280290846 0.2880321206296701 21.3
      vertex 18.414190210477994 0.35423620695493474 23.8
      vertex 18.282665280290846 0.2880321206296701 23.8
    endloop
  endfacet
  facet normal 0.4928981922297905 -0.8700869911087077 0
    outer loop
      vertex 18.414190210477994 0.35423620695493474 21.3
      vertex 18.542308232579664 0.42681416999918387 23.8
      vertex 18.414190210477994 0.35423620695493474 23.8
    endloop
  endfacet
  facet normal 0.534997619887092 -0.8448535652497102 0
    outer loop
      vertex 18.666710699058807 0.5055911630923644 21.3
      vertex 18.666710699058807 0.5055911630923644 23.8
      vertex 18.542308232579664 0.42681416999918387 23.8
    endloop
  endfacet
  facet normal 0.5758081914178457 -0.8175848131515834 0
    outer loop
      vertex 18.666710699058807 0.5055911630923644 21.3
      vertex 18.7870979134773 0.5903774055580651 23.8
      vertex 18.666710699058807 0.5055911630923644 23.8
    endloop
  endfacet
  facet normal 0.6152315905806283 -0.7883464276266053 0
    outer loop
      vertex 18.7870979134773 0.5903774055580651 21.3
      vertex 18.903179852490936 0.6809686399117889 23.8
      vertex 18.7870979134773 0.5903774055580651 23.8
    endloop
  endfacet
  facet normal 0.6531728429537765 -0.7572088465064847 0
    outer loop
      vertex 19.014676864541055 0.7771466239351228 21.3
      vertex 19.014676864541055 0.7771466239351228 23.8
      vertex 18.903179852490936 0.6809686399117889 23.8
    endloop
  endfacet
  facet normal 0.6895405447370683 -0.7242470829514656 0
    outer loop
      vertex 19.014676864541055 0.7771466239351228 21.3
      vertex 19.121320343559642 0.8786796564403572 23.8
      vertex 19.014676864541055 0.7771466239351228 23.8
    endloop
  endfacet
  facet normal 0.7242470829514699 -0.6895405447370637 0
    outer loop
      vertex 19.222853376064876 0.9853231354589447 21.3
      vertex 19.222853376064876 0.9853231354589447 23.8
      vertex 19.121320343559642 0.8786796564403572 23.8
    endloop
  endfacet
  facet normal 0.757208846506481 -0.6531728429537808 0
    outer loop
      vertex 19.222853376064876 0.9853231354589447 21.3
      vertex 19.31903136008821 1.0968201475090635 23.8
      vertex 19.222853376064876 0.9853231354589447 23.8
    endloop
  endfacet
  facet normal 0.7883464276266059 -0.6152315905806275 0
    outer loop
      vertex 19.409622594441934 1.2129020865226998 21.3
      vertex 19.409622594441934 1.2129020865226998 23.8
      vertex 19.31903136008821 1.0968201475090635 23.8
    endloop
  endfacet
  facet normal 0 0 1
    outer loop
      vertex 18.14805029709527 0.22836140246614 23.8
      vertex 18.282665280290846 0.2880321206296701 23.8
      vertex 18.414190210477994 0.35423620695493474 23.8
    endloop
  endfacet
  facet normal 0 0 1
    outer loop
      vertex 18.01066956017666 0.17536780445093747 23.8
      vertex 18.414190210477994 0.35423620695493474 23.8
      vertex 18.903179852490936 0.6809686399117889 23.8
    endloop
  endfacet
  facet normal 0 0 1
    outer loop
      vertex 18.414190210477994 0.35423620695493474 23.8
      vertex 18.542308232579664 0.42681416999918387 23.8
      vertex 18.666710699058807 0.5055911630923644 23.8
    endloop
  endfacet
  facet normal 0 0 1
    outer loop
      vertex 18.414190210477994 0.35423620695493474 23.8
      vertex 18.666710699058807 0.5055911630923644 23.8
      vertex 18.903179852490936 0.6809686399117889 23.8
    endloop
  endfacet
  facet normal 0 0 1
    outer loop
      vertex 18.666710699058807 0.5055911630923644 23.8
      vertex 18.7870979134773 0.5903774055580651 23.8
      vertex 18.903179852490936 0.6809686399117889 23.8
    endloop
  endfacet
  facet normal 0 0 1
    outer loop
      vertex 18.903179852490936 0.6809686399117889 23.8
      vertex 19.014676864541055 0.7771466239351228 23.8
      vertex 19.121320343559642 0.8786796564403572 23.8
    endloop
  endfacet
  facet normal 0 0 1
    outer loop
      vertex 18.903179852490936 0.6809686399117889 23.8
      vertex 19.121320343559642 0.8786796564403572 23.8
      vertex 19.31903136008821 1.0968201475090635 23.8
    endloop
  endfacet
  facet normal 0 0 1
    outer loop
      vertex 19.121320343559642 0.8786796564403572 23.8
      vertex 19.222853376064876 0.9853231354589447 23.8
      vertex 19.31903136008821 1.0968201475090635 23.8
    endloop
  endfacet
  facet normal 0 0 1
    outer loop
      vertex 18.903179852490936 0.6809686399117889 23.8
      vertex 19.31903136008821 1.0968201475090635 23.8
      vertex 19.645763793045067 1.5858097895220071 23.8
    endloop
  endfacet
  facet normal 0 0 1
    outer loop
      vertex 19.31903136008821 1.0968201475090635 23.8
      vertex 19.409622594441934 1.2129020865226998 23.8
      vertex 19.494408836907635 1.3332893009411935 23.8
    endloop
  endfacet
  facet normal 0.8175848131515868 -0.5758081914178409 0
    outer loop
      vertex 19.409622594441934 1.2129020865226998 21.3
      vertex 19.494408836907635 1.3332893009411935 21.3
      vertex 19.494408836907635 1.3332893009411935 23.8
    endloop
  endfacet
  facet normal 0.844853565249701 -0.5349976198871069 0
    outer loop
      vertex 19.494408836907635 1.3332893009411935 21.3
      vertex 19.573185830000817 1.4576917674203347 21.3
      vertex 19.494408836907635 1.3332893009411935 23.8
    endloop
  endfacet
  facet normal 0.8700869911087097 -0.492898192229787 0
    outer loop
      vertex 19.573185830000817 1.4576917674203347 21.3
      vertex 19.645763793045067 1.5858097895220071 21.3
      vertex 19.645763793045067 1.5858097895220071 23.8
    endloop
  endfacet
  facet normal 0.8932243011955172 -0.4496113296546029 0
    outer loop
      vertex 19.645763793045067 1.5858097895220071 21.3
      vertex 19.71196787937033 1.7173347197091537 21.3
      vertex 19.645763793045067 1.5858097895220071 23.8
    endloop
  endfacet
  facet normal 0.9142097557035378 -0.4052413140049737 0
    outer loop
      vertex 19.71196787937033 1.7173347197091537 21.3
      vertex 19.771638597533858 1.8519497029047307 21.3
      vertex 19.771638597533858 1.8519497029047307 23.8
    endloop
  endfacet
  facet normal 0.9329927988347296 -0.3598950365350121 0
    outer loop
      vertex 19.771638597533858 1.8519497029047307 21.3
      vertex 19.824632195549064 1.9893304398233398 21.3
      vertex 19.824632195549064 1.9893304398233398 23.8
    endloop
  endfacet
  facet normal 0.9495281805930441 -0.3136817403988689 0
    outer loop
      vertex 19.824632195549064 1.9893304398233398 21.3
      vertex 19.870821007196625 2.129145968236613 21.3
      vertex 19.824632195549064 1.9893304398233398 23.8
    endloop
  endfacet
  facet normal 0.963776065795438 -0.2667127574749052 0
    outer loop
      vertex 19.870821007196625 2.129145968236613 21.3
      vertex 19.91009375958363 2.2710594602902083 21.3
      vertex 19.870821007196625 2.129145968236613 23.8
    endloop
  endfacet
  facet normal 0.9757021300385303 -0.2191012401568619 0
    outer loop
      vertex 19.91009375958363 2.2710594602902083 21.3
      vertex 19.94235584120969 2.414729033951615 21.3
      vertex 19.94235584120969 2.414729033951615 23.8
    endloop
  endfacet
  facet normal 0.9852776423889398 -0.17096188876031054 0
    outer loop
      vertex 19.94235584120969 2.414729033951615 21.3
      vertex 19.967529529894342 2.5598085766339147 21.3
      vertex 19.94235584120969 2.414729033951615 23.8
    endloop
  endfacet
  facet normal 0.9924795345987083 -0.12241067519923027 0
    outer loop
      vertex 19.967529529894342 2.5598085766339147 21.3
      vertex 19.985554180016592 2.7059485790113182 21.3
      vertex 19.985554180016592 2.7059485790113182 23.8
    endloop
  endfacet
  facet normal 0.9972904566786908 -0.07356456359966086 0
    outer loop
      vertex 19.985554180016592 2.7059485790113182 21.3
      vertex 19.996386368615518 2.852796977017746 21.3
      vertex 19.996386368615518 2.852796977017746 23.8
    endloop
  endfacet
  facet normal 0.9996988186962042 -0.02454122852290751 0
    outer loop
      vertex 19.996386368615518 2.852796977017746 21.3
      vertex 20 3 21.3
      vertex 19.996386368615518 2.852796977017746 23.8
    endloop
  endfacet
  facet normal 0.8175848131515868 -0.5758081914178409 0
    outer loop
      vertex 19.409622594441934 1.2129020865226998 21.3
      vertex 19.494408836907635 1.3332893009411935 23.8
      vertex 19.409622594441934 1.2129020865226998 23.8
    endloop
  endfacet
  facet normal 0.844853565249701 -0.5349976198871069 0
    outer loop
      vertex 19.573185830000817 1.4576917674203347 21.3
      vertex 19.573185830000817 1.4576917674203347 23.8
      vertex 19.494408836907635 1.3332893009411935 23.8
    endloop
  endfacet
  facet normal 0.8700869911087097 -0.492898192229787 0
    outer loop
      vertex 19.573185830000817 1.4576917674203347 21.3
      vertex 19.645763793045067 1.5858097895220071 23.8
      vertex 19.573185830000817 1.4576917674203347 23.8
    endloop
  endfacet
  facet normal 0 0 1
    outer loop
      vertex 19.31903136008821 1.0968201475090635 23.8
      vertex 19.494408836907635 1.3332893009411935 23.8
      vertex 19.645763793045067 1.5858097895220071 23.8
    endloop
  endfacet
  facet normal 0 0 1
    outer loop
      vertex 19.494408836907635 1.3332893009411935 23.8
      vertex 19.573185830000817 1.4576917674203347 23.8
      vertex 19.645763793045067 1.5858097895220071 23.8
    endloop
  endfacet
  facet normal 0 0 1
    outer loop
      vertex 18.903179852490936 0.6809686399117889 23.8
      vertex 19.645763793045067 1.5858097895220071 23.8
      vertex 19.985554180016592 2.7059485790113182 23.8
    endloop
  endfacet
  facet normal 0.8932243011955172 -0.4496113296546029 0
    outer loop
      vertex 19.71196787937033 1.7173347197091537 21.3
      vertex 19.71196787937033 1.7173347197091537 23.8
      vertex 19.645763793045067 1.5858097895220071 23.8
    endloop
  endfacet
  facet normal 0.9142097557035378 -0.4052413140049737 0
    outer loop
      vertex 19.71196787937033 1.7173347197091537 21.3
      vertex 19.771638597533858 1.8519497029047307 23.8
      vertex 19.71196787937033 1.7173347197091537 23.8
    endloop
  endfacet
  facet normal 0.9329927988347296 -0.3598950365350121 0
    outer loop
      vertex 19.771638597533858 1.8519497029047307 21.3
      vertex 19.824632195549064 1.9893304398233398 23.8
      vertex 19.771638597533858 1.8519497029047307 23.8
    endloop
  endfacet
  facet normal 0.9495281805930441 -0.3136817403988689 0
    outer loop
      vertex 19.870821007196625 2.129145968236613 21.3
      vertex 19.870821007196625 2.129145968236613 23.8
      vertex 19.824632195549064 1.9893304398233398 23.8
    endloop
  endfacet
  facet normal 0.963776065795438 -0.2667127574749052 0
    outer loop
      vertex 19.91009375958363 2.2710594602902083 21.3
      vertex 19.91009375958363 2.2710594602902083 23.8
      vertex 19.870821007196625 2.129145968236613 23.8
    endloop
  endfacet
  facet normal 0.9757021300385303 -0.2191012401568619 0
    outer loop
      vertex 19.91009375958363 2.2710594602902083 21.3
      vertex 19.94235584120969 2.414729033951615 23.8
      vertex 19.91009375958363 2.2710594602902083 23.8
    endloop
  endfacet
  facet normal 0 0 1
    outer loop
      vertex 19.645763793045067 1.5858097895220071 23.8
      vertex 19.71196787937033 1.7173347197091537 23.8
      vertex 19.771638597533858 1.8519497029047307 23.8
    endloop
  endfacet
  facet normal 0 0 1
    outer loop
      vertex 19.645763793045067 1.5858097895220071 23.8
      vertex 19.771638597533858 1.8519497029047307 23.8
      vertex 19.870821007196625 2.129145968236613 23.8
    endloop
  endfacet
  facet normal 0 0 1
    outer loop
      vertex 19.771638597533858 1.8519497029047307 23.8
      vertex 19.824632195549064 1.9893304398233398 23.8
      vertex 19.870821007196625 2.129145968236613 23.8
    endloop
  endfacet
  facet normal 0 0 1
    outer loop
      vertex 19.645763793045067 1.5858097895220071 23.8
      vertex 19.870821007196625 2.129145968236613 23.8
      vertex 19.985554180016592 2.7059485790113182 23.8
    endloop
  endfacet
  facet normal 0 0 1
    outer loop
      vertex 19.870821007196625 2.129145968236613 23.8
      vertex 19.91009375958363 2.2710594602902083 23.8
      vertex 19.94235584120969 2.414729033951615 23.8
    endloop
  endfacet
  facet normal 0.9852776423889398 -0.17096188876031054 0
    outer loop
      vertex 19.967529529894342 2.5598085766339147 21.3
      vertex 19.967529529894342 2.5598085766339147 23.8
      vertex 19.94235584120969 2.414729033951615 23.8
    endloop
  endfacet
  facet normal 0.9924795345987083 -0.12241067519923027 0
    outer loop
      vertex 19.967529529894342 2.5598085766339147 21.3
      vertex 19.985554180016592 2.7059485790113182 23.8
      vertex 19.967529529894342 2.5598085766339147 23.8
    endloop
  endfacet
  facet normal 0.9972904566786908 -0.07356456359966086 0
    outer loop
      vertex 19.985554180016592 2.7059485790113182 21.3
      vertex 19.996386368615518 2.852796977017746 23.8
      vertex 19.985554180016592 2.7059485790113182 23.8
    endloop
  endfacet
  facet normal 0.9996988186962042 -0.02454122852290751 0
    outer loop
      vertex 20 3 21.3
      vertex 20 3 23.8
      vertex 19.996386368615518 2.852796977017746 23.8
    endloop
  endfacet
  facet normal 0 0 1
    outer loop
      vertex 19.870821007196625 2.129145968236613 23.8
      vertex 19.94235584120969 2.414729033951615 23.8
      vertex 19.985554180016592 2.7059485790113182 23.8
    endloop
  endfacet
  facet normal 0 0 1
    outer loop
      vertex 19.94235584120969 2.414729033951615 23.8
      vertex 19.967529529894342 2.5598085766339147 23.8
      vertex 19.985554180016592 2.7059485790113182 23.8
    endloop
  endfacet
  facet normal 0 0 1
    outer loop
      vertex 19.985554180016592 2.7059485790113182 23.8
      vertex 19.996386368615518 2.852796977017746 23.8
      vertex 20 3 23.8
    endloop
  endfacet
  facet normal 0 0 -1
    outer loop
      vertex 20 3 21.3
      vertex 17.5 3 21.3
      vertex 17.5 13 21.3
    endloop
  endfacet
  facet normal 0 0 1
    outer loop
      vertex 18.903179852490936 0.6809686399117889 23.8
      vertex 19.985554180016592 2.7059485790113182 23.8
      vertex 20 13 23.8
    endloop
  endfacet
  facet normal 1 0 0
    outer loop
      vertex 20 3 21.3
      vertex 20 13 23.8
      vertex 20 3 23.8
    endloop
  endfacet
  facet normal 0 0 1
    outer loop
      vertex 19.985554180016592 2.7059485790113182 23.8
      vertex 20 3 23.8
      vertex 20 13 23.8
    endloop
  endfacet
  facet normal 0 0 -1
    outer loop
      vertex 3 16 21.3
      vertex 17 16 21.3
      vertex 17.147203022982254 15.996386368615518 21.3
    endloop
  endfacet
  facet normal 0 0 -1
    outer loop
      vertex 18.7870979134773 15.409622594441934 21.3
      vertex 17.5 13 21.3
      vertex 2.5 13 21.3
    endloop
  endfacet
  facet normal 0 0 -1
    outer loop
      vertex 3 16 21.3
      vertex 17.147203022982254 15.996386368615518 21.3
      vertex 18.7870979134773 15.409622594441934 21.3
    endloop
  endfacet
  facet normal 0 1 0
    outer loop
      vertex 3 16 21.3
      vertex 17 16 23.8
      vertex 17 16 21.3
    endloop
  endfacet
  facet normal 0 0 1
    outer loop
      vertex 3 16 23.8
      vertex 17.147203022982254 15.996386368615518 23.8
      vertex 17 16 23.8
    endloop
  endfacet
  facet normal 0 0 1
    outer loop
      vertex 3 16 23.8
      vertex 18.7870979134773 15.409622594441934 23.8
      vertex 17.147203022982254 15.996386368615518 23.8
    endloop
  endfacet
  facet normal 0 0 -1
    outer loop
      vertex 20 3 21.3
      vertex 19.985554180016592 13.294051420988682 21.3
      vertex 20 13 21.3
    endloop
  endfacet
  facet normal 0 0 -1
    outer loop
      vertex 20 3 21.3
      vertex 17.5 13 21.3
      vertex 18.7870979134773 15.409622594441934 21.3
    endloop
  endfacet
  facet normal 0 0 -1
    outer loop
      vertex 20 3 21.3
      vertex 18.7870979134773 15.409622594441934 21.3
      vertex 19.985554180016592 13.294051420988682 21.3
    endloop
  endfacet
  facet normal 1 0 0
    outer loop
      vertex 20 3 21.3
      vertex 20 13 21.3
      vertex 20 13 23.8
    endloop
  endfacet
  facet normal 0 0 1
    outer loop
      vertex 18.903179852490936 0.6809686399117889 23.8
      vertex 20 13 23.8
      vertex 18.7870979134773 15.409622594441934 23.8
    endloop
  endfacet
  facet normal 0 0 -1
    outer loop
      vertex 18.01066956017666 15.824632195549063 21.3
      vertex 18.7870979134773 15.409622594441934 21.3
      vertex 17.147203022982254 15.996386368615518 21.3
    endloop
  endfacet
  facet normal 0 0 -1
    outer loop
      vertex 18.01066956017666 15.824632195549063 21.3
      vertex 18.282665280290846 15.71196787937033 21.3
      vertex 18.414190210477994 15.645763793045065 21.3
    endloop
  endfacet
  facet normal 0 0 -1
    outer loop
      vertex 18.01066956017666 15.824632195549063 21.3
      vertex 18.14805029709527 15.77163859753386 21.3
      vertex 18.282665280290846 15.71196787937033 21.3
    endloop
  endfacet
  facet normal 0 0 -1
    outer loop
      vertex 17.147203022982254 15.996386368615518 21.3
      vertex 17.294051420988684 15.98555418001659 21.3
      vertex 17.440191423366084 15.967529529894342 21.3
    endloop
  endfacet
  facet normal 0 0 -1
    outer loop
      vertex 17.147203022982254 15.996386368615518 21.3
      vertex 17.440191423366084 15.967529529894342 21.3
      vertex 17.585270966048384 15.942355841209691 21.3
    endloop
  endfacet
  facet normal 0 0 -1
    outer loop
      vertex 18.01066956017666 15.824632195549063 21.3
      vertex 17.147203022982254 15.996386368615518 21.3
      vertex 17.585270966048384 15.942355841209691 21.3
    endloop
  endfacet
  facet normal 0 0 -1
    outer loop
      vertex 17.870854031763386 15.870821007196627 21.3
      vertex 17.585270966048384 15.942355841209691 21.3
      vertex 17.728940539709793 15.910093759583631 21.3
    endloop
  endfacet
  facet normal 0 0 -1
    outer loop
      vertex 17.870854031763386 15.870821007196627 21.3
      vertex 18.01066956017666 15.824632195549063 21.3
      vertex 17.585270966048384 15.942355841209691 21.3
    endloop
  endfacet
  facet normal 0 0 -1
    outer loop
      vertex 19.985554180016592 13.294051420988682 21.3
      vertex 18.7870979134773 15.409622594441934 21.3
      vertex 19.645763793045067 14.414190210477994 21.3
    endloop
  endfacet
  facet normal 0 0 -1
    outer loop
      vertex 19.573185830000817 14.542308232579666 21.3
      vertex 19.645763793045067 14.414190210477994 21.3
      vertex 19.494408836907635 14.666710699058807 21.3
    endloop
  endfacet
  facet normal 0 0 -1
    outer loop
      vertex 19.494408836907635 14.666710699058807 21.3
      vertex 19.645763793045067 14.414190210477994 21.3
      vertex 19.31903136008821 14.903179852490936 21.3
    endloop
  endfacet
  facet normal 0 0 -1
    outer loop
      vertex 19.967529529894342 13.440191423366086 21.3
      vertex 19.985554180016592 13.294051420988682 21.3
      vertex 19.91009375958363 13.728940539709791 21.3
    endloop
  endfacet
  facet normal 0 0 -1
    outer loop
      vertex 19.967529529894342 13.440191423366086 21.3
      vertex 19.91009375958363 13.728940539709791 21.3
      vertex 19.94235584120969 13.585270966048384 21.3
    endloop
  endfacet
  facet normal 0 0 -1
    outer loop
      vertex 20 13 21.3
      vertex 19.985554180016592 13.294051420988682 21.3
      vertex 19.996386368615518 13.147203022982254 21.3
    endloop
  endfacet
  facet normal 0 0 -1
    outer loop
      vertex 19.985554180016592 13.294051420988682 21.3
      vertex 19.771638597533858 14.148050297095269 21.3
      vertex 19.91009375958363 13.728940539709791 21.3
    endloop
  endfacet
  facet normal 0 0 -1
    outer loop
      vertex 19.985554180016592 13.294051420988682 21.3
      vertex 19.645763793045067 14.414190210477994 21.3
      vertex 19.771638597533858 14.148050297095269 21.3
    endloop
  endfacet
  facet normal 0 0 -1
    outer loop
      vertex 19.91009375958363 13.728940539709791 21.3
      vertex 19.771638597533858 14.148050297095269 21.3
      vertex 19.870821007196625 13.870854031763386 21.3
    endloop
  endfacet
  facet normal 0 0 -1
    outer loop
      vertex 19.870821007196625 13.870854031763386 21.3
      vertex 19.771638597533858 14.148050297095269 21.3
      vertex 19.824632195549064 14.01066956017666 21.3
    endloop
  endfacet
  facet normal 0 0 -1
    outer loop
      vertex 19.771638597533858 14.148050297095269 21.3
      vertex 19.645763793045067 14.414190210477994 21.3
      vertex 19.71196787937033 14.282665280290846 21.3
    endloop
  endfacet
  facet normal 0 0 -1
    outer loop
      vertex 18.542308232579664 15.573185830000817 21.3
      vertex 18.7870979134773 15.409622594441934 21.3
      vertex 18.414190210477994 15.645763793045065 21.3
    endloop
  endfacet
  facet normal 0 0 -1
    outer loop
      vertex 18.01066956017666 15.824632195549063 21.3
      vertex 18.414190210477994 15.645763793045065 21.3
      vertex 18.7870979134773 15.409622594441934 21.3
    endloop
  endfacet
  facet normal 0 0 -1
    outer loop
      vertex 18.542308232579664 15.573185830000817 21.3
      vertex 18.666710699058807 15.494408836907635 21.3
      vertex 18.7870979134773 15.409622594441934 21.3
    endloop
  endfacet
  facet normal 0 0 -1
    outer loop
      vertex 18.7870979134773 15.409622594441934 21.3
      vertex 18.903179852490936 15.31903136008821 21.3
      vertex 19.014676864541055 15.222853376064878 21.3
    endloop
  endfacet
  facet normal 0 0 -1
    outer loop
      vertex 19.645763793045067 14.414190210477994 21.3
      vertex 18.7870979134773 15.409622594441934 21.3
      vertex 19.31903136008821 14.903179852490936 21.3
    endloop
  endfacet
  facet normal 0 0 -1
    outer loop
      vertex 19.222853376064876 15.014676864541055 21.3
      vertex 19.31903136008821 14.903179852490936 21.3
      vertex 19.121320343559642 15.121320343559642 21.3
    endloop
  endfacet
  facet normal 0 0 -1
    outer loop
      vertex 18.7870979134773 15.409622594441934 21.3
      vertex 19.121320343559642 15.121320343559642 21.3
      vertex 19.31903136008821 14.903179852490936 21.3
    endloop
  endfacet
  facet normal 0 0 -1
    outer loop
      vertex 18.7870979134773 15.409622594441934 21.3
      vertex 19.014676864541055 15.222853376064878 21.3
      vertex 19.121320343559642 15.121320343559642 21.3
    endloop
  endfacet
  facet normal 0 0 -1
    outer loop
      vertex 19.494408836907635 14.666710699058807 21.3
      vertex 19.31903136008821 14.903179852490936 21.3
      vertex 19.409622594441934 14.7870979134773 21.3
    endloop
  endfacet
  facet normal 0.3136817403988916 0.9495281805930366 0
    outer loop
      vertex 17.870854031763386 15.870821007196627 21.3
      vertex 17.870854031763386 15.870821007196627 23.8
      vertex 18.01066956017666 15.824632195549063 21.3
    endloop
  endfacet
  facet normal 0.35989503653498506 0.9329927988347401 0
    outer loop
      vertex 18.01066956017666 15.824632195549063 21.3
      vertex 18.14805029709527 15.77163859753386 23.8
      vertex 18.14805029709527 15.77163859753386 21.3
    endloop
  endfacet
  facet normal 0.40524131400498714 0.9142097557035318 0
    outer loop
      vertex 18.14805029709527 15.77163859753386 21.3
      vertex 18.14805029709527 15.77163859753386 23.8
      vertex 18.282665280290846 15.71196787937033 21.3
    endloop
  endfacet
  facet normal 0.024541228522907584 0.9996988186962042 0
    outer loop
      vertex 17 16 21.3
      vertex 17 16 23.8
      vertex 17.147203022982254 15.996386368615518 21.3
    endloop
  endfacet
  facet normal 0.07356456359967174 0.9972904566786899 0
    outer loop
      vertex 17.147203022982254 15.996386368615518 21.3
      vertex 17.294051420988684 15.98555418001659 23.8
      vertex 17.294051420988684 15.98555418001659 21.3
    endloop
  endfacet
  facet normal 0.12241067519922094 0.9924795345987094 0
    outer loop
      vertex 17.294051420988684 15.98555418001659 21.3
      vertex 17.294051420988684 15.98555418001659 23.8
      vertex 17.440191423366084 15.967529529894342 21.3
    endloop
  endfacet
  facet normal 0.1709618887602983 0.9852776423889419 0
    outer loop
      vertex 17.440191423366084 15.967529529894342 21.3
      vertex 17.440191423366084 15.967529529894342 23.8
      vertex 17.585270966048384 15.942355841209691 21.3
    endloop
  endfacet
  facet normal 0.21910124015687016 0.9757021300385285 0
    outer loop
      vertex 17.585270966048384 15.942355841209691 21.3
      vertex 17.728940539709793 15.910093759583631 23.8
      vertex 17.728940539709793 15.910093759583631 21.3
    endloop
  endfacet
  facet normal 0.26671275747489787 0.96377606579544 0
    outer loop
      vertex 17.870854031763386 15.870821007196627 21.3
      vertex 17.728940539709793 15.910093759583631 21.3
      vertex 17.728940539709793 15.910093759583631 23.8
    endloop
  endfacet
  facet normal 0.3136817403988916 0.9495281805930366 0
    outer loop
      vertex 18.01066956017666 15.824632195549063 21.3
      vertex 17.870854031763386 15.870821007196627 23.8
      vertex 18.01066956017666 15.824632195549063 23.8
    endloop
  endfacet
  facet normal 0.35989503653498506 0.9329927988347401 0
    outer loop
      vertex 18.01066956017666 15.824632195549063 21.3
      vertex 18.01066956017666 15.824632195549063 23.8
      vertex 18.14805029709527 15.77163859753386 23.8
    endloop
  endfacet
  facet normal 0.40524131400498714 0.9142097557035318 0
    outer loop
      vertex 18.282665280290846 15.71196787937033 21.3
      vertex 18.14805029709527 15.77163859753386 23.8
      vertex 18.282665280290846 15.71196787937033 23.8
    endloop
  endfacet
  facet normal 0 0 1
    outer loop
      vertex 18.01066956017666 15.824632195549063 23.8
      vertex 17.147203022982254 15.996386368615518 23.8
      vertex 18.7870979134773 15.409622594441934 23.8
    endloop
  endfacet
  facet normal 0 0 1
    outer loop
      vertex 18.01066956017666 15.824632195549063 23.8
      vertex 18.414190210477994 15.645763793045065 23.8
      vertex 18.282665280290846 15.71196787937033 23.8
    endloop
  endfacet
  facet normal 0 0 1
    outer loop
      vertex 18.01066956017666 15.824632195549063 23.8
      vertex 18.282665280290846 15.71196787937033 23.8
      vertex 18.14805029709527 15.77163859753386 23.8
    endloop
  endfacet
  facet normal 0.024541228522907584 0.9996988186962042 0
    outer loop
      vertex 17.147203022982254 15.996386368615518 21.3
      vertex 17 16 23.8
      vertex 17.147203022982254 15.996386368615518 23.8
    endloop
  endfacet
  facet normal 0.07356456359967174 0.9972904566786899 0
    outer loop
      vertex 17.147203022982254 15.996386368615518 21.3
      vertex 17.147203022982254 15.996386368615518 23.8
      vertex 17.294051420988684 15.98555418001659 23.8
    endloop
  endfacet
  facet normal 0.12241067519922094 0.9924795345987094 0
    outer loop
      vertex 17.440191423366084 15.967529529894342 21.3
      vertex 17.294051420988684 15.98555418001659 23.8
      vertex 17.440191423366084 15.967529529894342 23.8
    endloop
  endfacet
  facet normal 0.1709618887602983 0.9852776423889419 0
    outer loop
      vertex 17.585270966048384 15.942355841209691 21.3
      vertex 17.440191423366084 15.967529529894342 23.8
      vertex 17.585270966048384 15.942355841209691 23.8
    endloop
  endfacet
  facet normal 0.21910124015687016 0.9757021300385285 0
    outer loop
      vertex 17.585270966048384 15.942355841209691 21.3
      vertex 17.585270966048384 15.942355841209691 23.8
      vertex 17.728940539709793 15.910093759583631 23.8
    endloop
  endfacet
  facet normal 0.26671275747489787 0.96377606579544 0
    outer loop
      vertex 17.870854031763386 15.870821007196627 21.3
      vertex 17.728940539709793 15.910093759583631 23.8
      vertex 17.870854031763386 15.870821007196627 23.8
    endloop
  endfacet
  facet normal 0 0 1
    outer loop
      vertex 17.147203022982254 15.996386368615518 23.8
      vertex 17.440191423366084 15.967529529894342 23.8
      vertex 17.294051420988684 15.98555418001659 23.8
    endloop
  endfacet
  facet normal 0 0 1
    outer loop
      vertex 17.147203022982254 15.996386368615518 23.8
      vertex 17.585270966048384 15.942355841209691 23.8
      vertex 17.440191423366084 15.967529529894342 23.8
    endloop
  endfacet
  facet normal 0 0 1
    outer loop
      vertex 18.01066956017666 15.824632195549063 23.8
      vertex 17.585270966048384 15.942355841209691 23.8
      vertex 17.147203022982254 15.996386368615518 23.8
    endloop
  endfacet
  facet normal 0 0 1
    outer loop
      vertex 17.870854031763386 15.870821007196627 23.8
      vertex 17.728940539709793 15.910093759583631 23.8
      vertex 17.585270966048384 15.942355841209691 23.8
    endloop
  endfacet
  facet normal 0 0 1
    outer loop
      vertex 17.870854031763386 15.870821007196627 23.8
      vertex 17.585270966048384 15.942355841209691 23.8
      vertex 18.01066956017666 15.824632195549063 23.8
    endloop
  endfacet
  facet normal 0.8700869911087094 0.49289819222978765 0
    outer loop
      vertex 19.573185830000817 14.542308232579666 21.3
      vertex 19.645763793045067 14.414190210477994 23.8
      vertex 19.645763793045067 14.414190210477994 21.3
    endloop
  endfacet
  facet normal 0.8448535652497013 0.5349976198871061 0
    outer loop
      vertex 19.573185830000817 14.542308232579666 21.3
      vertex 19.494408836907635 14.666710699058807 21.3
      vertex 19.494408836907635 14.666710699058807 23.8
    endloop
  endfacet
  facet normal 0.8175848131515848 0.5758081914178438 0
    outer loop
      vertex 19.494408836907635 14.666710699058807 21.3
      vertex 19.409622594441934 14.7870979134773 21.3
      vertex 19.494408836907635 14.666710699058807 23.8
    endloop
  endfacet
  facet normal 0.9996988186962042 0.024541228522907584 0
    outer loop
      vertex 20 13 21.3
      vertex 19.996386368615518 13.147203022982254 21.3
      vertex 20 13 23.8
    endloop
  endfacet
  facet normal 0.9852776423889394 0.17096188876031204 0
    outer loop
      vertex 19.967529529894342 13.440191423366086 21.3
      vertex 19.94235584120969 13.585270966048384 21.3
      vertex 19.94235584120969 13.585270966048384 23.8
    endloop
  endfacet
  facet normal 0.9972904566786908 0.07356456359966064 0
    outer loop
      vertex 19.996386368615518 13.147203022982254 21.3
      vertex 19.985554180016592 13.294051420988682 21.3
      vertex 19.985554180016592 13.294051420988682 23.8
    endloop
  endfacet
  facet normal 0.9924795345987083 0.12241067519922989 0
    outer loop
      vertex 19.967529529894342 13.440191423366086 21.3
      vertex 19.967529529894342 13.440191423366086 23.8
      vertex 19.985554180016592 13.294051420988682 21.3
    endloop
  endfacet
  facet normal 0.9757021300385305 0.21910124015686125 0
    outer loop
      vertex 19.94235584120969 13.585270966048384 21.3
      vertex 19.91009375958363 13.728940539709791 21.3
      vertex 19.94235584120969 13.585270966048384 23.8
    endloop
  endfacet
  facet normal 0.9637760657954378 0.26671275747490597 0
    outer loop
      vertex 19.91009375958363 13.728940539709791 21.3
      vertex 19.870821007196625 13.870854031763386 21.3
      vertex 19.91009375958363 13.728940539709791 23.8
    endloop
  endfacet
  facet normal 0.949528180593045 0.31368174039886626 0
    outer loop
      vertex 19.870821007196625 13.870854031763386 21.3
      vertex 19.824632195549064 14.01066956017666 21.3
      vertex 19.870821007196625 13.870854031763386 23.8
    endloop
  endfacet
  facet normal 0.9329927988347287 0.3598950365350141 0
    outer loop
      vertex 19.771638597533858 14.148050297095269 21.3
      vertex 19.824632195549064 14.01066956017666 23.8
      vertex 19.824632195549064 14.01066956017666 21.3
    endloop
  endfacet
  facet normal 0.9142097557035384 0.4052413140049726 0
    outer loop
      vertex 19.771638597533858 14.148050297095269 21.3
      vertex 19.71196787937033 14.282665280290846 21.3
      vertex 19.771638597533858 14.148050297095269 23.8
    endloop
  endfacet
  facet normal 0.8932243011955184 0.44961132965460054 0
    outer loop
      vertex 19.71196787937033 14.282665280290846 21.3
      vertex 19.645763793045067 14.414190210477994 21.3
      vertex 19.645763793045067 14.414190210477994 23.8
    endloop
  endfacet
  facet normal 0.8175848131515848 0.5758081914178438 0
    outer loop
      vertex 19.409622594441934 14.7870979134773 21.3
      vertex 19.409622594441934 14.7870979134773 23.8
      vertex 19.494408836907635 14.666710699058807 23.8
    endloop
  endfacet
  facet normal 0.8700869911087094 0.49289819222978765 0
    outer loop
      vertex 19.573185830000817 14.542308232579666 21.3
      vertex 19.573185830000817 14.542308232579666 23.8
      vertex 19.645763793045067 14.414190210477994 23.8
    endloop
  endfacet
  facet normal 0.8448535652497013 0.5349976198871061 0
    outer loop
      vertex 19.573185830000817 14.542308232579666 21.3
      vertex 19.494408836907635 14.666710699058807 23.8
      vertex 19.573185830000817 14.542308232579666 23.8
    endloop
  endfacet
  facet normal 0 0 1
    outer loop
      vertex 20 13 23.8
      vertex 19.645763793045067 14.414190210477994 23.8
      vertex 18.7870979134773 15.409622594441934 23.8
    endloop
  endfacet
  facet normal 0 0 1
    outer loop
      vertex 19.573185830000817 14.542308232579666 23.8
      vertex 19.494408836907635 14.666710699058807 23.8
      vertex 19.645763793045067 14.414190210477994 23.8
    endloop
  endfacet
  facet normal 0 0 1
    outer loop
      vertex 19.494408836907635 14.666710699058807 23.8
      vertex 19.31903136008821 14.903179852490936 23.8
      vertex 19.645763793045067 14.414190210477994 23.8
    endloop
  endfacet
  facet normal 0.9852776423889394 0.17096188876031204 0
    outer loop
      vertex 19.967529529894342 13.440191423366086 21.3
      vertex 19.94235584120969 13.585270966048384 23.8
      vertex 19.967529529894342 13.440191423366086 23.8
    endloop
  endfacet
  facet normal 0.9996988186962042 0.024541228522907584 0
    outer loop
      vertex 19.996386368615518 13.147203022982254 21.3
      vertex 19.996386368615518 13.147203022982254 23.8
      vertex 20 13 23.8
    endloop
  endfacet
  facet normal 0.9972904566786908 0.07356456359966064 0
    outer loop
      vertex 19.996386368615518 13.147203022982254 21.3
      vertex 19.985554180016592 13.294051420988682 23.8
      vertex 19.996386368615518 13.147203022982254 23.8
    endloop
  endfacet
  facet normal 0.9924795345987083 0.12241067519922989 0
    outer loop
      vertex 19.985554180016592 13.294051420988682 21.3
      vertex 19.967529529894342 13.440191423366086 23.8
      vertex 19.985554180016592 13.294051420988682 23.8
    endloop
  endfacet
  facet normal 0 0 1
    outer loop
      vertex 20 13 23.8
      vertex 19.985554180016592 13.294051420988682 23.8
      vertex 19.91009375958363 13.728940539709791 23.8
    endloop
  endfacet
  facet normal 0 0 1
    outer loop
      vertex 19.967529529894342 13.440191423366086 23.8
      vertex 19.91009375958363 13.728940539709791 23.8
      vertex 19.985554180016592 13.294051420988682 23.8
    endloop
  endfacet
  facet normal 0 0 1
    outer loop
      vertex 19.967529529894342 13.440191423366086 23.8
      vertex 19.94235584120969 13.585270966048384 23.8
      vertex 19.91009375958363 13.728940539709791 23.8
    endloop
  endfacet
  facet normal 0 0 1
    outer loop
      vertex 20 13 23.8
      vertex 19.996386368615518 13.147203022982254 23.8
      vertex 19.985554180016592 13.294051420988682 23.8
    endloop
  endfacet
  facet normal 0.9757021300385305 0.21910124015686125 0
    outer loop
      vertex 19.91009375958363 13.728940539709791 21.3
      vertex 19.91009375958363 13.728940539709791 23.8
      vertex 19.94235584120969 13.585270966048384 23.8
    endloop
  endfacet
  facet normal 0.9637760657954378 0.26671275747490597 0
    outer loop
      vertex 19.870821007196625 13.870854031763386 21.3
      vertex 19.870821007196625 13.870854031763386 23.8
      vertex 19.91009375958363 13.728940539709791 23.8
    endloop
  endfacet
  facet normal 0.9329927988347287 0.3598950365350141 0
    outer loop
      vertex 19.771638597533858 14.148050297095269 21.3
      vertex 19.771638597533858 14.148050297095269 23.8
      vertex 19.824632195549064 14.01066956017666 23.8
    endloop
  endfacet
  facet normal 0.949528180593045 0.31368174039886626 0
    outer loop
      vertex 19.824632195549064 14.01066956017666 21.3
      vertex 19.824632195549064 14.01066956017666 23.8
      vertex 19.870821007196625 13.870854031763386 23.8
    endloop
  endfacet
  facet normal 0.8932243011955184 0.44961132965460054 0
    outer loop
      vertex 19.71196787937033 14.282665280290846 21.3
      vertex 19.645763793045067 14.414190210477994 23.8
      vertex 19.71196787937033 14.282665280290846 23.8
    endloop
  endfacet
  facet normal 0.9142097557035384 0.4052413140049726 0
    outer loop
      vertex 19.71196787937033 14.282665280290846 21.3
      vertex 19.71196787937033 14.282665280290846 23.8
      vertex 19.771638597533858 14.148050297095269 23.8
    endloop
  endfacet
  facet normal 0 0 1
    outer loop
      vertex 20 13 23.8
      vertex 19.91009375958363 13.728940539709791 23.8
      vertex 19.645763793045067 14.414190210477994 23.8
    endloop
  endfacet
  facet normal 0 0 1
    outer loop
      vertex 19.91009375958363 13.728940539709791 23.8
      vertex 19.870821007196625 13.870854031763386 23.8
      vertex 19.824632195549064 14.01066956017666 23.8
    endloop
  endfacet
  facet normal 0 0 1
    outer loop
      vertex 19.91009375958363 13.728940539709791 23.8
      vertex 19.824632195549064 14.01066956017666 23.8
      vertex 19.645763793045067 14.414190210477994 23.8
    endloop
  endfacet
  facet normal 0 0 1
    outer loop
      vertex 19.771638597533858 14.148050297095269 23.8
      vertex 19.71196787937033 14.282665280290846 23.8
      vertex 19.645763793045067 14.414190210477994 23.8
    endloop
  endfacet
  facet normal 0 0 1
    outer loop
      vertex 19.771638597533858 14.148050297095269 23.8
      vertex 19.645763793045067 14.414190210477994 23.8
      vertex 19.824632195549064 14.01066956017666 23.8
    endloop
  endfacet
  facet normal 0.44961132965461015 0.8932243011955137 0
    outer loop
      vertex 18.282665280290846 15.71196787937033 21.3
      vertex 18.282665280290846 15.71196787937033 23.8
      vertex 18.414190210477994 15.645763793045065 21.3
    endloop
  endfacet
  facet normal 0.49289819222978365 0.8700869911087117 0
    outer loop
      vertex 18.542308232579664 15.573185830000817 21.3
      vertex 18.414190210477994 15.645763793045065 21.3
      vertex 18.542308232579664 15.573185830000817 23.8
    endloop
  endfacet
  facet normal 0.5349976198871007 0.8448535652497049 0
    outer loop
      vertex 18.542308232579664 15.573185830000817 21.3
      vertex 18.666710699058807 15.494408836907635 23.8
      vertex 18.666710699058807 15.494408836907635 21.3
    endloop
  endfacet
  facet normal 0.5758081914178438 0.8175848131515848 0
    outer loop
      vertex 18.666710699058807 15.494408836907635 21.3
      vertex 18.666710699058807 15.494408836907635 23.8
      vertex 18.7870979134773 15.409622594441934 21.3
    endloop
  endfacet
  facet normal 0.6152315905806283 0.7883464276266053 0
    outer loop
      vertex 18.7870979134773 15.409622594441934 21.3
      vertex 18.7870979134773 15.409622594441934 23.8
      vertex 18.903179852490936 15.31903136008821 21.3
    endloop
  endfacet
  facet normal 0.689540544737073 0.724247082951461 0
    outer loop
      vertex 19.014676864541055 15.222853376064878 21.3
      vertex 19.121320343559642 15.121320343559642 23.8
      vertex 19.121320343559642 15.121320343559642 21.3
    endloop
  endfacet
  facet normal 0.6531728429537731 0.7572088465064877 0
    outer loop
      vertex 18.903179852490936 15.31903136008821 21.3
      vertex 19.014676864541055 15.222853376064878 23.8
      vertex 19.014676864541055 15.222853376064878 21.3
    endloop
  endfacet
  facet normal 0.7242470829514671 0.6895405447370668 0
    outer loop
      vertex 19.222853376064876 15.014676864541055 21.3
      vertex 19.121320343559642 15.121320343559642 21.3
      vertex 19.121320343559642 15.121320343559642 23.8
    endloop
  endfacet
  facet normal 0.7883464276266053 0.6152315905806283 0
    outer loop
      vertex 19.409622594441934 14.7870979134773 21.3
      vertex 19.31903136008821 14.903179852490936 21.3
      vertex 19.31903136008821 14.903179852490936 23.8
    endloop
  endfacet
  facet normal 0.7572088465064818 0.6531728429537801 0
    outer loop
      vertex 19.222853376064876 15.014676864541055 21.3
      vertex 19.31903136008821 14.903179852490936 23.8
      vertex 19.31903136008821 14.903179852490936 21.3
    endloop
  endfacet
  facet normal 0.5349976198871007 0.8448535652497049 0
    outer loop
      vertex 18.542308232579664 15.573185830000817 21.3
      vertex 18.542308232579664 15.573185830000817 23.8
      vertex 18.666710699058807 15.494408836907635 23.8
    endloop
  endfacet
  facet normal 0.44961132965461015 0.8932243011955137 0
    outer loop
      vertex 18.414190210477994 15.645763793045065 21.3
      vertex 18.282665280290846 15.71196787937033 23.8
      vertex 18.414190210477994 15.645763793045065 23.8
    endloop
  endfacet
  facet normal 0.49289819222978365 0.8700869911087117 0
    outer loop
      vertex 18.414190210477994 15.645763793045065 21.3
      vertex 18.414190210477994 15.645763793045065 23.8
      vertex 18.542308232579664 15.573185830000817 23.8
    endloop
  endfacet
  facet normal 0.5758081914178438 0.8175848131515848 0
    outer loop
      vertex 18.7870979134773 15.409622594441934 21.3
      vertex 18.666710699058807 15.494408836907635 23.8
      vertex 18.7870979134773 15.409622594441934 23.8
    endloop
  endfacet
  facet normal 0.6152315905806283 0.7883464276266053 0
    outer loop
      vertex 18.903179852490936 15.31903136008821 21.3
      vertex 18.7870979134773 15.409622594441934 23.8
      vertex 18.903179852490936 15.31903136008821 23.8
    endloop
  endfacet
  facet normal 0.7572088465064818 0.6531728429537801 0
    outer loop
      vertex 19.222853376064876 15.014676864541055 21.3
      vertex 19.222853376064876 15.014676864541055 23.8
      vertex 19.31903136008821 14.903179852490936 23.8
    endloop
  endfacet
  facet normal 0.6531728429537731 0.7572088465064877 0
    outer loop
      vertex 18.903179852490936 15.31903136008821 21.3
      vertex 18.903179852490936 15.31903136008821 23.8
      vertex 19.014676864541055 15.222853376064878 23.8
    endloop
  endfacet
  facet normal 0.689540544737073 0.724247082951461 0
    outer loop
      vertex 19.014676864541055 15.222853376064878 21.3
      vertex 19.014676864541055 15.222853376064878 23.8
      vertex 19.121320343559642 15.121320343559642 23.8
    endloop
  endfacet
  facet normal 0.7242470829514671 0.6895405447370668 0
    outer loop
      vertex 19.222853376064876 15.014676864541055 21.3
      vertex 19.121320343559642 15.121320343559642 23.8
      vertex 19.222853376064876 15.014676864541055 23.8
    endloop
  endfacet
  facet normal 0.7883464276266053 0.6152315905806283 0
    outer loop
      vertex 19.409622594441934 14.7870979134773 21.3
      vertex 19.31903136008821 14.903179852490936 23.8
      vertex 19.409622594441934 14.7870979134773 23.8
    endloop
  endfacet
  facet normal 0 0 1
    outer loop
      vertex 18.542308232579664 15.573185830000817 23.8
      vertex 18.414190210477994 15.645763793045065 23.8
      vertex 18.7870979134773 15.409622594441934 23.8
    endloop
  endfacet
  facet normal 0 0 1
    outer loop
      vertex 18.01066956017666 15.824632195549063 23.8
      vertex 18.7870979134773 15.409622594441934 23.8
      vertex 18.414190210477994 15.645763793045065 23.8
    endloop
  endfacet
  facet normal 0 0 1
    outer loop
      vertex 18.542308232579664 15.573185830000817 23.8
      vertex 18.7870979134773 15.409622594441934 23.8
      vertex 18.666710699058807 15.494408836907635 23.8
    endloop
  endfacet
  facet normal 0 0 1
    outer loop
      vertex 18.7870979134773 15.409622594441934 23.8
      vertex 19.014676864541055 15.222853376064878 23.8
      vertex 18.903179852490936 15.31903136008821 23.8
    endloop
  endfacet
  facet normal 0 0 1
    outer loop
      vertex 19.645763793045067 14.414190210477994 23.8
      vertex 19.31903136008821 14.903179852490936 23.8
      vertex 18.7870979134773 15.409622594441934 23.8
    endloop
  endfacet
  facet normal 0 0 1
    outer loop
      vertex 19.222853376064876 15.014676864541055 23.8
      vertex 19.121320343559642 15.121320343559642 23.8
      vertex 19.31903136008821 14.903179852490936 23.8
    endloop
  endfacet
  facet normal 0 0 1
    outer loop
      vertex 18.7870979134773 15.409622594441934 23.8
      vertex 19.31903136008821 14.903179852490936 23.8
      vertex 19.121320343559642 15.121320343559642 23.8
    endloop
  endfacet
  facet normal 0 0 1
    outer loop
      vertex 18.7870979134773 15.409622594441934 23.8
      vertex 19.121320343559642 15.121320343559642 23.8
      vertex 19.014676864541055 15.222853376064878 23.8
    endloop
  endfacet
  facet normal 0 0 1
    outer loop
      vertex 19.494408836907635 14.666710699058807 23.8
      vertex 19.409622594441934 14.7870979134773 23.8
      vertex 19.31903136008821 14.903179852490936 23.8
    endloop
  endfacet
  facet normal 0 0 -1
    outer loop
      vertex -0.3431179096940369 -0.4819022507099182 17.1
      vertex -0.41421356237309515 -0.41421356237309515 17.1
      vertex -0.268786568327291 -0.546020906725474 17.1
    endloop
  endfacet
  facet normal 0 0 -1
    outer loop
      vertex -0.6629392246050905 -0.11114046603920436 17.1
      vertex -0.7638425286967101 0.057206526348004605 17.1
      vertex -0.546020906725474 -0.268786568327291 17.1
    endloop
  endfacet
  facet normal 0 0 -1
    outer loop
      vertex -0.6629392246050905 -0.11114046603920436 17.1
      vertex -0.715457220000544 -0.028205488386443545 17.1
      vertex -0.7638425286967101 0.057206526348004605 17.1
    endloop
  endfacet
  facet normal 0 0 -1
    outer loop
      vertex -0.6629392246050905 -0.11114046603920436 17.1
      vertex -0.546020906725474 -0.268786568327291 17.1
      vertex -0.6064150629612899 -0.1913986089848667 17.1
    endloop
  endfacet
  facet normal 0 0 -1
    outer loop
      vertex -0.7638425286967101 0.057206526348004605 17.1
      vertex -0.268786568327291 -0.546020906725474 17.1
      vertex -0.546020906725474 -0.268786568327291 17.1
    endloop
  endfacet
  facet normal 0 0 -1
    outer loop
      vertex -0.546020906725474 -0.268786568327291 17.1
      vertex -0.268786568327291 -0.546020906725474 17.1
      vertex -0.41421356237309515 -0.41421356237309515 17.1
    endloop
  endfacet
  facet normal 0 0 -1
    outer loop
      vertex -0.546020906725474 -0.268786568327291 17.1
      vertex -0.41421356237309515 -0.41421356237309515 17.1
      vertex -0.4819022507099182 -0.3431179096940369 17.1
    endloop
  endfacet
  facet normal -0.844853565249707 -0.534997619887097 0
    outer loop
      vertex -0.6629392246050905 -0.11114046603920436 17.1
      vertex -0.715457220000544 -0.028205488386443545 18.3
      vertex -0.715457220000544 -0.028205488386443545 17.1
    endloop
  endfacet
  facet normal -0.8700869911087107 -0.49289819222978537 0
    outer loop
      vertex -0.715457220000544 -0.028205488386443545 17.1
      vertex -0.7638425286967101 0.057206526348004605 18.3
      vertex -0.7638425286967101 0.057206526348004605 17.1
    endloop
  endfacet
  facet normal -0.8932243011955158 -0.44961132965460593 0
    outer loop
      vertex -0.7638425286967101 0.057206526348004605 17.1
      vertex -0.7638425286967101 0.057206526348004605 18.3
      vertex -0.8079785862468867 0.14488981313943583 17.1
    endloop
  endfacet
  facet normal -0.7883464276266061 -0.6152315905806272 0
    outer loop
      vertex -0.6064150629612899 -0.1913986089848667 17.1
      vertex -0.546020906725474 -0.268786568327291 17.1
      vertex -0.546020906725474 -0.268786568327291 18.3
    endloop
  endfacet
  facet normal -0.7572088465064848 -0.6531728429537765 0
    outer loop
      vertex -0.546020906725474 -0.268786568327291 17.1
      vertex -0.4819022507099182 -0.3431179096940369 17.1
      vertex -0.546020906725474 -0.268786568327291 18.3
    endloop
  endfacet
  facet normal -0.7242470829514674 -0.6895405447370665 0
    outer loop
      vertex -0.41421356237309515 -0.41421356237309515 17.1
      vertex -0.41421356237309515 -0.41421356237309515 18.3
      vertex -0.4819022507099182 -0.3431179096940369 17.1
    endloop
  endfacet
  facet normal -0.6895405447370665 -0.7242470829514674 0
    outer loop
      vertex -0.3431179096940369 -0.4819022507099182 17.1
      vertex -0.41421356237309515 -0.41421356237309515 18.3
      vertex -0.41421356237309515 -0.41421356237309515 17.1
    endloop
  endfacet
  facet normal -0.8175848131515844 -0.5758081914178442 0
    outer loop
      vertex -0.6629392246050905 -0.11114046603920436 17.1
      vertex -0.6064150629612899 -0.1913986089848667 17.1
      vertex -0.6629392246050905 -0.11114046603920436 18.3
    endloop
  endfacet
  facet normal 0 0 -1
    outer loop
      vertex -0.1913986089848667 -0.6064150629612899 17.1
      vertex -0.268786568327291 -0.546020906725474 17.1
      vertex -0.11114046603920436 -0.6629392246050905 17.1
    endloop
  endfacet
  facet normal 0 0 -1
    outer loop
      vertex -0.268786568327291 -0.546020906725474 17.1
      vertex 0.057206526348004605 -0.7638425286967101 17.1
      vertex -0.11114046603920436 -0.6629392246050905 17.1
    endloop
  endfacet
  facet normal 0 0 -1
    outer loop
      vertex -0.11114046603920436 -0.6629392246050905 17.1
      vertex 0.057206526348004605 -0.7638425286967101 17.1
      vertex -0.028205488386443545 -0.715457220000544 17.1
    endloop
  endfacet
  facet normal 0 0 -1
    outer loop
      vertex -0.268786568327291 -0.546020906725474 17.1
      vertex 0.32622029321556 -0.8830881303660416 17.1
      vertex 0.057206526348004605 -0.7638425286967101 17.1
    endloop
  endfacet
  facet normal 0 0 -1
    outer loop
      vertex 0.057206526348004605 -0.7638425286967101 17.1
      vertex 0.23463313526982033 -0.8477590650225735 17.1
      vertex 0.14488981313943583 -0.8079785862468867 17.1
    endloop
  endfacet
  facet normal 0 0 -1
    outer loop
      vertex 0.057206526348004605 -0.7638425286967101 17.1
      vertex 0.32622029321556 -0.8830881303660416 17.1
      vertex 0.23463313526982033 -0.8477590650225735 17.1
    endloop
  endfacet
  facet normal 0 0 -1
    outer loop
      vertex -0.268786568327291 -0.546020906725474 17.1
      vertex 1 -1 17.1
      vertex 0.32622029321556 -0.8830881303660416 17.1
    endloop
  endfacet
  facet normal -0.49289819222978537 -0.8700869911087107 0
    outer loop
      vertex -0.028205488386443545 -0.715457220000544 17.1
      vertex 0.057206526348004605 -0.7638425286967101 17.1
      vertex -0.028205488386443545 -0.715457220000544 18.3
    endloop
  endfacet
  facet normal -0.6152315905806272 -0.7883464276266061 0
    outer loop
      vertex -0.1913986089848667 -0.6064150629612899 17.1
      vertex -0.1913986089848667 -0.6064150629612899 18.3
      vertex -0.268786568327291 -0.546020906725474 17.1
    endloop
  endfacet
  facet normal -0.5758081914178442 -0.8175848131515844 0
    outer loop
      vertex -0.1913986089848667 -0.6064150629612899 17.1
      vertex -0.11114046603920436 -0.6629392246050905 17.1
      vertex -0.1913986089848667 -0.6064150629612899 18.3
    endloop
  endfacet
  facet normal -0.6531728429537765 -0.7572088465064848 0
    outer loop
      vertex -0.3431179096940369 -0.4819022507099182 17.1
      vertex -0.268786568327291 -0.546020906725474 17.1
      vertex -0.268786568327291 -0.546020906725474 18.3
    endloop
  endfacet
  facet normal -0.534997619887097 -0.844853565249707 0
    outer loop
      vertex -0.11114046603920436 -0.6629392246050905 17.1
      vertex -0.028205488386443545 -0.715457220000544 17.1
      vertex -0.11114046603920436 -0.6629392246050905 18.3
    endloop
  endfacet
  facet normal -0.44961132965460593 -0.8932243011955158 0
    outer loop
      vertex 0.057206526348004605 -0.7638425286967101 17.1
      vertex 0.14488981313943583 -0.8079785862468867 17.1
      vertex 0.14488981313943583 -0.8079785862468867 18.3
    endloop
  endfacet
  facet normal -0.40524131400499 -0.9142097557035306 0
    outer loop
      vertex 0.14488981313943583 -0.8079785862468867 17.1
      vertex 0.23463313526982033 -0.8477590650225735 17.1
      vertex 0.14488981313943583 -0.8079785862468867 18.3
    endloop
  endfacet
  facet normal -0.3598950365349881 -0.9329927988347388 0
    outer loop
      vertex 0.32622029321556 -0.8830881303660416 17.1
      vertex 0.23463313526982033 -0.8477590650225735 18.3
      vertex 0.23463313526982033 -0.8477590650225735 17.1
    endloop
  endfacet
  facet normal 0 0 -1
    outer loop
      vertex -0.7638425286967101 0.057206526348004605 17.1
      vertex -0.8477590650225735 0.23463313526982033 17.1
      vertex -0.8830881303660416 0.32622029321556 17.1
    endloop
  endfacet
  facet normal 0 0 -1
    outer loop
      vertex -0.7638425286967101 0.057206526348004605 17.1
      vertex -0.8830881303660416 0.32622029321556 17.1
      vertex -0.940062506389088 0.5140396401934724 17.1
    endloop
  endfacet
  facet normal 0 0 -1
    outer loop
      vertex -0.7638425286967101 0.057206526348004605 17.1
      vertex -0.8079785862468867 0.14488981313943583 17.1
      vertex -0.8477590650225735 0.23463313526982033 17.1
    endloop
  endfacet
  facet normal 0 0 -1
    outer loop
      vertex -0.7638425286967101 0.057206526348004605 17.1
      vertex -0.9975909124103448 0.901864651345164 17.1
      vertex -0.268786568327291 -0.546020906725474 17.1
    endloop
  endfacet
  facet normal 0 0 -1
    outer loop
      vertex -0.8830881303660416 0.32622029321556 17.1
      vertex -0.9138806714644176 0.41943064549107545 17.1
      vertex -0.940062506389088 0.5140396401934724 17.1
    endloop
  endfacet
  facet normal 0 0 -1
    outer loop
      vertex -0.7638425286967101 0.057206526348004605 17.1
      vertex -0.940062506389088 0.5140396401934724 17.1
      vertex -0.9975909124103448 0.901864651345164 17.1
    endloop
  endfacet
  facet normal 0 0 -1
    outer loop
      vertex -0.940062506389088 0.5140396401934724 17.1
      vertex -0.9615705608064609 0.6098193559677436 17.1
      vertex -0.978353019929562 0.7065390510892766 17.1
    endloop
  endfacet
  facet normal -0.9142097557035306 -0.40524131400499 0
    outer loop
      vertex -0.8477590650225735 0.23463313526982033 17.1
      vertex -0.8079785862468867 0.14488981313943583 17.1
      vertex -0.8477590650225735 0.23463313526982033 18.3
    endloop
  endfacet
  facet normal -0.9329927988347388 -0.3598950365349881 0
    outer loop
      vertex -0.8477590650225735 0.23463313526982033 17.1
      vertex -0.8830881303660416 0.32622029321556 18.3
      vertex -0.8830881303660416 0.32622029321556 17.1
    endloop
  endfacet
  facet normal -0.9495281805930372 -0.31368174039889 0
    outer loop
      vertex -0.8830881303660416 0.32622029321556 17.1
      vertex -0.8830881303660416 0.32622029321556 18.3
      vertex -0.9138806714644176 0.41943064549107545 17.1
    endloop
  endfacet
  facet normal -0.9637760657954397 -0.26671275747489886 0
    outer loop
      vertex -0.940062506389088 0.5140396401934724 17.1
      vertex -0.9138806714644176 0.41943064549107545 17.1
      vertex -0.940062506389088 0.5140396401934724 18.3
    endloop
  endfacet
  facet normal -0.9757021300385286 -0.2191012401568698 0
    outer loop
      vertex -0.940062506389088 0.5140396401934724 17.1
      vertex -0.940062506389088 0.5140396401934724 18.3
      vertex -0.9615705608064609 0.6098193559677436 17.1
    endloop
  endfacet
  facet normal -0.9852776423889411 -0.17096188876030247 0
    outer loop
      vertex -0.9615705608064609 0.6098193559677436 17.1
      vertex -0.978353019929562 0.7065390510892766 18.3
      vertex -0.978353019929562 0.7065390510892766 17.1
    endloop
  endfacet
  facet normal 0 0 -1
    outer loop
      vertex -0.940062506389088 0.5140396401934724 17.1
      vertex -0.978353019929562 0.7065390510892766 17.1
      vertex -0.9975909124103448 0.901864651345164 17.1
    endloop
  endfacet
  facet normal 0 0 -1
    outer loop
      vertex -0.978353019929562 0.7065390510892766 17.1
      vertex -0.9903694533443939 0.8039657193408787 17.1
      vertex -0.9975909124103448 0.901864651345164 17.1
    endloop
  endfacet
  facet normal -0.9924795345987099 -0.1224106751992165 0
    outer loop
      vertex -0.978353019929562 0.7065390510892766 17.1
      vertex -0.978353019929562 0.7065390510892766 18.3
      vertex -0.9903694533443939 0.8039657193408787 17.1
    endloop
  endfacet
  facet normal -0.9972904566786902 -0.07356456359966668 0
    outer loop
      vertex -0.9903694533443939 0.8039657193408787 17.1
      vertex -0.9975909124103448 0.901864651345164 18.3
      vertex -0.9975909124103448 0.901864651345164 17.1
    endloop
  endfacet
  facet normal -0.9996988186962042 -0.024541228522912052 0
    outer loop
      vertex -0.9975909124103448 0.901864651345164 17.1
      vertex -0.9975909124103448 0.901864651345164 18.3
      vertex -1 1 17.1
    endloop
  endfacet
  facet normal 0 0 -1
    outer loop
      vertex 0.32622029321556 -0.8830881303660416 17.1
      vertex 0.5140396401934724 -0.940062506389088 17.1
      vertex 0.41943064549107545 -0.9138806714644176 17.1
    endloop
  endfacet
  facet normal 0 0 -1
    outer loop
      vertex 0.32622029321556 -0.8830881303660416 17.1
      vertex 0.7065390510892766 -0.978353019929562 17.1
      vertex 0.5140396401934724 -0.940062506389088 17.1
    endloop
  endfacet
  facet normal 0 0 -1
    outer loop
      vertex 0.5140396401934724 -0.940062506389088 17.1
      vertex 0.7065390510892766 -0.978353019929562 17.1
      vertex 0.6098193559677436 -0.9615705608064609 17.1
    endloop
  endfacet
  facet normal 0 0 -1
    outer loop
      vertex 0.32622029321556 -0.8830881303660416 17.1
      vertex 1 -1 17.1
      vertex 0.7065390510892766 -0.978353019929562 17.1
    endloop
  endfacet
  facet normal 0 0 -1
    outer loop
      vertex 0.7065390510892766 -0.978353019929562 17.1
      vertex 1 -1 17.1
      vertex 0.8039657193408787 -0.9903694533443939 17.1
    endloop
  endfacet
  facet normal 0 0 -1
    outer loop
      vertex 0.8039657193408787 -0.9903694533443939 17.1
      vertex 1 -1 17.1
      vertex 0.901864651345164 -0.9975909124103448 17.1
    endloop
  endfacet
  facet normal -0.31368174039889 -0.9495281805930372 0
    outer loop
      vertex 0.32622029321556 -0.8830881303660416 17.1
      vertex 0.41943064549107545 -0.9138806714644176 17.1
      vertex 0.41943064549107545 -0.9138806714644176 18.3
    endloop
  endfacet
  facet normal -0.26671275747489886 -0.9637760657954397 0
    outer loop
      vertex 0.41943064549107545 -0.9138806714644176 17.1
      vertex 0.5140396401934724 -0.940062506389088 17.1
      vertex 0.41943064549107545 -0.9138806714644176 18.3
    endloop
  endfacet
  facet normal -0.2191012401568698 -0.9757021300385286 0
    outer loop
      vertex 0.5140396401934724 -0.940062506389088 17.1
      vertex 0.6098193559677436 -0.9615705608064609 17.1
      vertex 0.6098193559677436 -0.9615705608064609 18.3
    endloop
  endfacet
  facet normal -0.17096188876030247 -0.9852776423889411 0
    outer loop
      vertex 0.6098193559677436 -0.9615705608064609 17.1
      vertex 0.7065390510892766 -0.978353019929562 17.1
      vertex 0.6098193559677436 -0.9615705608064609 18.3
    endloop
  endfacet
  facet normal -0.1224106751992165 -0.9924795345987099 0
    outer loop
      vertex 0.7065390510892766 -0.978353019929562 17.1
      vertex 0.8039657193408787 -0.9903694533443939 17.1
      vertex 0.8039657193408787 -0.9903694533443939 18.3
    endloop
  endfacet
  facet normal -0.07356456359966668 -0.9972904566786902 0
    outer loop
      vertex 0.8039657193408787 -0.9903694533443939 17.1
      vertex 0.901864651345164 -0.9975909124103448 17.1
      vertex 0.901864651345164 -0.9975909124103448 18.3
    endloop
  endfacet
  facet normal -0.024541228522912052 -0.9996988186962042 0
    outer loop
      vertex 0.901864651345164 -0.9975909124103448 17.1
      vertex 1 -1 17.1
      vertex 0.901864651345164 -0.9975909124103448 18.3
    endloop
  endfacet
  facet normal -0.6895405447370665 -0.7242470829514674 0
    outer loop
      vertex -0.3431179096940369 -0.4819022507099182 17.1
      vertex -0.3431179096940369 -0.4819022507099182 18.3
      vertex -0.41421356237309515 -0.41421356237309515 18.3
    endloop
  endfacet
  facet normal -0.6531728429537765 -0.7572088465064848 0
    outer loop
      vertex -0.3431179096940369 -0.4819022507099182 17.1
      vertex -0.268786568327291 -0.546020906725474 18.3
      vertex -0.3431179096940369 -0.4819022507099182 18.3
    endloop
  endfacet
  facet normal -0.844853565249707 -0.534997619887097 0
    outer loop
      vertex -0.6629392246050905 -0.11114046603920436 17.1
      vertex -0.6629392246050905 -0.11114046603920436 18.3
      vertex -0.715457220000544 -0.028205488386443545 18.3
    endloop
  endfacet
  facet normal -0.8932243011955158 -0.44961132965460593 0
    outer loop
      vertex -0.8079785862468867 0.14488981313943583 17.1
      vertex -0.7638425286967101 0.057206526348004605 18.3
      vertex -0.8079785862468867 0.14488981313943583 18.3
    endloop
  endfacet
  facet normal -0.8700869911087107 -0.49289819222978537 0
    outer loop
      vertex -0.715457220000544 -0.028205488386443545 17.1
      vertex -0.715457220000544 -0.028205488386443545 18.3
      vertex -0.7638425286967101 0.057206526348004605 18.3
    endloop
  endfacet
  facet normal -0.7572088465064848 -0.6531728429537765 0
    outer loop
      vertex -0.4819022507099182 -0.3431179096940369 17.1
      vertex -0.4819022507099182 -0.3431179096940369 18.3
      vertex -0.546020906725474 -0.268786568327291 18.3
    endloop
  endfacet
  facet normal -0.8175848131515844 -0.5758081914178442 0
    outer loop
      vertex -0.6064150629612899 -0.1913986089848667 17.1
      vertex -0.6064150629612899 -0.1913986089848667 18.3
      vertex -0.6629392246050905 -0.11114046603920436 18.3
    endloop
  endfacet
  facet normal -0.7883464276266061 -0.6152315905806272 0
    outer loop
      vertex -0.6064150629612899 -0.1913986089848667 17.1
      vertex -0.546020906725474 -0.268786568327291 18.3
      vertex -0.6064150629612899 -0.1913986089848667 18.3
    endloop
  endfacet
  facet normal -0.7242470829514674 -0.6895405447370665 0
    outer loop
      vertex -0.4819022507099182 -0.3431179096940369 17.1
      vertex -0.41421356237309515 -0.41421356237309515 18.3
      vertex -0.4819022507099182 -0.3431179096940369 18.3
    endloop
  endfacet
  facet normal -0.49289819222978537 -0.8700869911087107 0
    outer loop
      vertex 0.057206526348004605 -0.7638425286967101 17.1
      vertex 0.057206526348004605 -0.7638425286967101 18.3
      vertex -0.028205488386443545 -0.715457220000544 18.3
    endloop
  endfacet
  facet normal -0.6152315905806272 -0.7883464276266061 0
    outer loop
      vertex -0.268786568327291 -0.546020906725474 17.1
      vertex -0.1913986089848667 -0.6064150629612899 18.3
      vertex -0.268786568327291 -0.546020906725474 18.3
    endloop
  endfacet
  facet normal -0.534997619887097 -0.844853565249707 0
    outer loop
      vertex -0.028205488386443545 -0.715457220000544 17.1
      vertex -0.028205488386443545 -0.715457220000544 18.3
      vertex -0.11114046603920436 -0.6629392246050905 18.3
    endloop
  endfacet
  facet normal -0.5758081914178442 -0.8175848131515844 0
    outer loop
      vertex -0.11114046603920436 -0.6629392246050905 17.1
      vertex -0.11114046603920436 -0.6629392246050905 18.3
      vertex -0.1913986089848667 -0.6064150629612899 18.3
    endloop
  endfacet
  facet normal -0.44961132965460593 -0.8932243011955158 0
    outer loop
      vertex 0.057206526348004605 -0.7638425286967101 17.1
      vertex 0.14488981313943583 -0.8079785862468867 18.3
      vertex 0.057206526348004605 -0.7638425286967101 18.3
    endloop
  endfacet
  facet normal -0.3598950365349881 -0.9329927988347388 0
    outer loop
      vertex 0.32622029321556 -0.8830881303660416 17.1
      vertex 0.32622029321556 -0.8830881303660416 18.3
      vertex 0.23463313526982033 -0.8477590650225735 18.3
    endloop
  endfacet
  facet normal -0.31368174039889 -0.9495281805930372 0
    outer loop
      vertex 0.32622029321556 -0.8830881303660416 17.1
      vertex 0.41943064549107545 -0.9138806714644176 18.3
      vertex 0.32622029321556 -0.8830881303660416 18.3
    endloop
  endfacet
  facet normal -0.40524131400499 -0.9142097557035306 0
    outer loop
      vertex 0.23463313526982033 -0.8477590650225735 17.1
      vertex 0.23463313526982033 -0.8477590650225735 18.3
      vertex 0.14488981313943583 -0.8079785862468867 18.3
    endloop
  endfacet
  facet normal 0 0 1
    outer loop
      vertex -0.3431179096940369 -0.4819022507099182 18.3
      vertex -0.268786568327291 -0.546020906725474 18.3
      vertex -0.41421356237309515 -0.41421356237309515 18.3
    endloop
  endfacet
  facet normal 0 0 1
    outer loop
      vertex -0.6629392246050905 -0.11114046603920436 18.3
      vertex -0.546020906725474 -0.268786568327291 18.3
      vertex -0.7638425286967101 0.057206526348004605 18.3
    endloop
  endfacet
  facet normal 0 0 1
    outer loop
      vertex -0.6629392246050905 -0.11114046603920436 18.3
      vertex -0.7638425286967101 0.057206526348004605 18.3
      vertex -0.715457220000544 -0.028205488386443545 18.3
    endloop
  endfacet
  facet normal 0 0 1
    outer loop
      vertex -0.6629392246050905 -0.11114046603920436 18.3
      vertex -0.6064150629612899 -0.1913986089848667 18.3
      vertex -0.546020906725474 -0.268786568327291 18.3
    endloop
  endfacet
  facet normal 0 0 1
    outer loop
      vertex -0.7638425286967101 0.057206526348004605 18.3
      vertex -0.546020906725474 -0.268786568327291 18.3
      vertex -0.268786568327291 -0.546020906725474 18.3
    endloop
  endfacet
  facet normal 0 0 1
    outer loop
      vertex -0.546020906725474 -0.268786568327291 18.3
      vertex -0.41421356237309515 -0.41421356237309515 18.3
      vertex -0.268786568327291 -0.546020906725474 18.3
    endloop
  endfacet
  facet normal 0 0 1
    outer loop
      vertex -0.546020906725474 -0.268786568327291 18.3
      vertex -0.4819022507099182 -0.3431179096940369 18.3
      vertex -0.41421356237309515 -0.41421356237309515 18.3
    endloop
  endfacet
  facet normal 0 0 1
    outer loop
      vertex -0.1913986089848667 -0.6064150629612899 18.3
      vertex -0.11114046603920436 -0.6629392246050905 18.3
      vertex -0.268786568327291 -0.546020906725474 18.3
    endloop
  endfacet
  facet normal 0 0 1
    outer loop
      vertex -0.268786568327291 -0.546020906725474 18.3
      vertex -0.11114046603920436 -0.6629392246050905 18.3
      vertex 0.057206526348004605 -0.7638425286967101 18.3
    endloop
  endfacet
  facet normal 0 0 1
    outer loop
      vertex -0.11114046603920436 -0.6629392246050905 18.3
      vertex -0.028205488386443545 -0.715457220000544 18.3
      vertex 0.057206526348004605 -0.7638425286967101 18.3
    endloop
  endfacet
  facet normal 0 0 1
    outer loop
      vertex -0.268786568327291 -0.546020906725474 18.3
      vertex 0.057206526348004605 -0.7638425286967101 18.3
      vertex 0.32622029321556 -0.8830881303660416 18.3
    endloop
  endfacet
  facet normal 0 0 1
    outer loop
      vertex 0.057206526348004605 -0.7638425286967101 18.3
      vertex 0.14488981313943583 -0.8079785862468867 18.3
      vertex 0.23463313526982033 -0.8477590650225735 18.3
    endloop
  endfacet
  facet normal 0 0 1
    outer loop
      vertex 0.057206526348004605 -0.7638425286967101 18.3
      vertex 0.23463313526982033 -0.8477590650225735 18.3
      vertex 0.32622029321556 -0.8830881303660416 18.3
    endloop
  endfacet
  facet normal 0 0 1
    outer loop
      vertex -0.268786568327291 -0.546020906725474 18.3
      vertex 0.32622029321556 -0.8830881303660416 18.3
      vertex 1 -1 18.3
    endloop
  endfacet
  facet normal -0.9329927988347388 -0.3598950365349881 0
    outer loop
      vertex -0.8477590650225735 0.23463313526982033 17.1
      vertex -0.8477590650225735 0.23463313526982033 18.3
      vertex -0.8830881303660416 0.32622029321556 18.3
    endloop
  endfacet
  facet normal -0.9495281805930372 -0.31368174039889 0
    outer loop
      vertex -0.9138806714644176 0.41943064549107545 17.1
      vertex -0.8830881303660416 0.32622029321556 18.3
      vertex -0.9138806714644176 0.41943064549107545 18.3
    endloop
  endfacet
  facet normal -0.9142097557035306 -0.40524131400499 0
    outer loop
      vertex -0.8079785862468867 0.14488981313943583 17.1
      vertex -0.8079785862468867 0.14488981313943583 18.3
      vertex -0.8477590650225735 0.23463313526982033 18.3
    endloop
  endfacet
  facet normal -0.9637760657954397 -0.26671275747489886 0
    outer loop
      vertex -0.9138806714644176 0.41943064549107545 17.1
      vertex -0.9138806714644176 0.41943064549107545 18.3
      vertex -0.940062506389088 0.5140396401934724 18.3
    endloop
  endfacet
  facet normal -0.9757021300385286 -0.2191012401568698 0
    outer loop
      vertex -0.9615705608064609 0.6098193559677436 17.1
      vertex -0.940062506389088 0.5140396401934724 18.3
      vertex -0.9615705608064609 0.6098193559677436 18.3
    endloop
  endfacet
  facet normal -0.9852776423889411 -0.17096188876030247 0
    outer loop
      vertex -0.9615705608064609 0.6098193559677436 17.1
      vertex -0.9615705608064609 0.6098193559677436 18.3
      vertex -0.978353019929562 0.7065390510892766 18.3
    endloop
  endfacet
  facet normal -0.9924795345987099 -0.1224106751992165 0
    outer loop
      vertex -0.9903694533443939 0.8039657193408787 17.1
      vertex -0.978353019929562 0.7065390510892766 18.3
      vertex -0.9903694533443939 0.8039657193408787 18.3
    endloop
  endfacet
  facet normal -0.9972904566786902 -0.07356456359966668 0
    outer loop
      vertex -0.9903694533443939 0.8039657193408787 17.1
      vertex -0.9903694533443939 0.8039657193408787 18.3
      vertex -0.9975909124103448 0.901864651345164 18.3
    endloop
  endfacet
  facet normal -0.9996988186962042 -0.024541228522912052 0
    outer loop
      vertex -1 1 17.1
      vertex -0.9975909124103448 0.901864651345164 18.3
      vertex -1 1 18.3
    endloop
  endfacet
  facet normal 0 0 1
    outer loop
      vertex -0.7638425286967101 0.057206526348004605 18.3
      vertex -0.8830881303660416 0.32622029321556 18.3
      vertex -0.8477590650225735 0.23463313526982033 18.3
    endloop
  endfacet
  facet normal 0 0 1
    outer loop
      vertex -0.7638425286967101 0.057206526348004605 18.3
      vertex -0.940062506389088 0.5140396401934724 18.3
      vertex -0.8830881303660416 0.32622029321556 18.3
    endloop
  endfacet
  facet normal 0 0 1
    outer loop
      vertex -0.7638425286967101 0.057206526348004605 18.3
      vertex -0.8477590650225735 0.23463313526982033 18.3
      vertex -0.8079785862468867 0.14488981313943583 18.3
    endloop
  endfacet
  facet normal 0 0 1
    outer loop
      vertex -0.7638425286967101 0.057206526348004605 18.3
      vertex -0.268786568327291 -0.546020906725474 18.3
      vertex -0.9975909124103448 0.901864651345164 18.3
    endloop
  endfacet
  facet normal 0 0 1
    outer loop
      vertex -0.8830881303660416 0.32622029321556 18.3
      vertex -0.940062506389088 0.5140396401934724 18.3
      vertex -0.9138806714644176 0.41943064549107545 18.3
    endloop
  endfacet
  facet normal 0 0 1
    outer loop
      vertex -0.7638425286967101 0.057206526348004605 18.3
      vertex -0.9975909124103448 0.901864651345164 18.3
      vertex -0.940062506389088 0.5140396401934724 18.3
    endloop
  endfacet
  facet normal 0 0 1
    outer loop
      vertex -0.940062506389088 0.5140396401934724 18.3
      vertex -0.978353019929562 0.7065390510892766 18.3
      vertex -0.9615705608064609 0.6098193559677436 18.3
    endloop
  endfacet
  facet normal 0 0 1
    outer loop
      vertex -0.940062506389088 0.5140396401934724 18.3
      vertex -0.9975909124103448 0.901864651345164 18.3
      vertex -0.978353019929562 0.7065390510892766 18.3
    endloop
  endfacet
  facet normal 0 0 1
    outer loop
      vertex -0.978353019929562 0.7065390510892766 18.3
      vertex -0.9975909124103448 0.901864651345164 18.3
      vertex -0.9903694533443939 0.8039657193408787 18.3
    endloop
  endfacet
  facet normal -0.26671275747489886 -0.9637760657954397 0
    outer loop
      vertex 0.5140396401934724 -0.940062506389088 17.1
      vertex 0.5140396401934724 -0.940062506389088 18.3
      vertex 0.41943064549107545 -0.9138806714644176 18.3
    endloop
  endfacet
  facet normal -0.2191012401568698 -0.9757021300385286 0
    outer loop
      vertex 0.5140396401934724 -0.940062506389088 17.1
      vertex 0.6098193559677436 -0.9615705608064609 18.3
      vertex 0.5140396401934724 -0.940062506389088 18.3
    endloop
  endfacet
  facet normal -0.17096188876030247 -0.9852776423889411 0
    outer loop
      vertex 0.7065390510892766 -0.978353019929562 17.1
      vertex 0.7065390510892766 -0.978353019929562 18.3
      vertex 0.6098193559677436 -0.9615705608064609 18.3
    endloop
  endfacet
  facet normal -0.1224106751992165 -0.9924795345987099 0
    outer loop
      vertex 0.7065390510892766 -0.978353019929562 17.1
      vertex 0.8039657193408787 -0.9903694533443939 18.3
      vertex 0.7065390510892766 -0.978353019929562 18.3
    endloop
  endfacet
  facet normal -0.07356456359966668 -0.9972904566786902 0
    outer loop
      vertex 0.8039657193408787 -0.9903694533443939 17.1
      vertex 0.901864651345164 -0.9975909124103448 18.3
      vertex 0.8039657193408787 -0.9903694533443939 18.3
    endloop
  endfacet
  facet normal -0.024541228522912052 -0.9996988186962042 0
    outer loop
      vertex 1 -1 17.1
      vertex 1 -1 18.3
      vertex 0.901864651345164 -0.9975909124103448 18.3
    endloop
  endfacet
  facet normal 0 0 1
    outer loop
      vertex 0.32622029321556 -0.8830881303660416 18.3
      vertex 0.41943064549107545 -0.9138806714644176 18.3
      vertex 0.5140396401934724 -0.940062506389088 18.3
    endloop
  endfacet
  facet normal 0 0 1
    outer loop
      vertex 0.32622029321556 -0.8830881303660416 18.3
      vertex 0.5140396401934724 -0.940062506389088 18.3
      vertex 0.7065390510892766 -0.978353019929562 18.3
    endloop
  endfacet
  facet normal 0 0 1
    outer loop
      vertex 0.5140396401934724 -0.940062506389088 18.3
      vertex 0.6098193559677436 -0.9615705608064609 18.3
      vertex 0.7065390510892766 -0.978353019929562 18.3
    endloop
  endfacet
  facet normal 0 0 1
    outer loop
      vertex 0.32622029321556 -0.8830881303660416 18.3
      vertex 0.7065390510892766 -0.978353019929562 18.3
      vertex 1 -1 18.3
    endloop
  endfacet
  facet normal 0 0 1
    outer loop
      vertex 0.7065390510892766 -0.978353019929562 18.3
      vertex 0.8039657193408787 -0.9903694533443939 18.3
      vertex 1 -1 18.3
    endloop
  endfacet
  facet normal 0 0 1
    outer loop
      vertex 0.8039657193408787 -0.9903694533443939 18.3
      vertex 0.901864651345164 -0.9975909124103448 18.3
      vertex 1 -1 18.3
    endloop
  endfacet
  facet normal 0 0 -1
    outer loop
      vertex -0.268786568327291 -0.546020906725474 17.1
      vertex -0.9975909124103448 0.901864651345164 17.1
      vertex -0.9975909124103448 15.098135348654836 17.1
    endloop
  endfacet
  facet normal 0 0 -1
    outer loop
      vertex -0.9975909124103448 0.901864651345164 17.1
      vertex -1 1 17.1
      vertex -0.9975909124103448 15.098135348654836 17.1
    endloop
  endfacet
  facet normal -1 0 0
    outer loop
      vertex -1 1 17.1
      vertex -1 1 18.3
      vertex -1 15 17.1
    endloop
  endfacet
  facet normal 0 0 1
    outer loop
      vertex -0.268786568327291 -0.546020906725474 18.3
      vertex -0.9975909124103448 15.098135348654836 18.3
      vertex -0.9975909124103448 0.901864651345164 18.3
    endloop
  endfacet
  facet normal 0 0 1
    outer loop
      vertex -0.9975909124103448 0.901864651345164 18.3
      vertex -0.9975909124103448 15.098135348654836 18.3
      vertex -1 1 18.3
    endloop
  endfacet
  facet normal 0 0 1
    outer loop
      vertex -0.268786568327291 -0.546020906725474 18.3
      vertex 2.5 3 18.3
      vertex -0.268786568327291 16.546020906725474 18.3
    endloop
  endfacet
  facet normal 0 0 -1
    outer loop
      vertex -0.268786568327291 -0.546020906725474 17.1
      vertex 20.26878656832729 -0.546020906725474 17.1
      vertex 1 -1 17.1
    endloop
  endfacet
  facet normal 0 -1 0
    outer loop
      vertex 1 -1 17.1
      vertex 19 -1 17.1
      vertex 1 -1 18.3
    endloop
  endfacet
  facet normal 0 0 1
    outer loop
      vertex -0.268786568327291 -0.546020906725474 18.3
      vertex 1 -1 18.3
      vertex 20.26878656832729 -0.546020906725474 18.3
    endloop
  endfacet
  facet normal 0 0 1
    outer loop
      vertex -0.268786568327291 -0.546020906725474 18.3
      vertex 20.26878656832729 -0.546020906725474 18.3
      vertex 2.5 3 18.3
    endloop
  endfacet
  facet normal 0 0 -1
    outer loop
      vertex -0.268786568327291 -0.546020906725474 17.1
      vertex 1 17 17.1
      vertex 21 1 17.1
    endloop
  endfacet
  facet normal 0 0 -1
    outer loop
      vertex -1 1 17.1
      vertex -1 15 17.1
      vertex -0.9975909124103448 15.098135348654836 17.1
    endloop
  endfacet
  facet normal 0 0 -1
    outer loop
      vertex -0.268786568327291 -0.546020906725474 17.1
      vertex -0.9975909124103448 15.098135348654836 17.1
      vertex 1 17 17.1
    endloop
  endfacet
  facet normal -1 0 0
    outer loop
      vertex -1 1 18.3
      vertex -1 15 18.3
      vertex -1 15 17.1
    endloop
  endfacet
  facet normal 0 0 1
    outer loop
      vertex -1 1 18.3
      vertex -0.9975909124103448 15.098135348654836 18.3
      vertex -1 15 18.3
    endloop
  endfacet
  facet normal 0 0 1
    outer loop
      vertex -0.268786568327291 -0.546020906725474 18.3
      vertex -0.268786568327291 16.546020906725474 18.3
      vertex -0.9975909124103448 15.098135348654836 18.3
    endloop
  endfacet
  facet normal 0 0 1
    outer loop
      vertex -0.268786568327291 16.546020906725474 18.3
      vertex 2.5 3 18.3
      vertex 2.5 13 18.3
    endloop
  endfacet
  facet normal 0 0 -1
    outer loop
      vertex -0.9975909124103448 15.098135348654836 17.1
      vertex -0.9903694533443939 15.19603428065912 17.1
      vertex -0.978353019929562 15.293460948910724 17.1
    endloop
  endfacet
  facet normal 0 0 -1
    outer loop
      vertex -0.9975909124103448 15.098135348654836 17.1
      vertex -0.978353019929562 15.293460948910724 17.1
      vertex -0.940062506389088 15.485960359806526 17.1
    endloop
  endfacet
  facet normal -0.9996988186962042 0.024541228522912108 0
    outer loop
      vertex -1 15 17.1
      vertex -0.9975909124103448 15.098135348654836 18.3
      vertex -0.9975909124103448 15.098135348654836 17.1
    endloop
  endfacet
  facet normal -0.9972904566786902 0.07356456359966751 0
    outer loop
      vertex -0.9975909124103448 15.098135348654836 17.1
      vertex -0.9903694533443939 15.19603428065912 18.3
      vertex -0.9903694533443939 15.19603428065912 17.1
    endloop
  endfacet
  facet normal -0.9924795345987103 0.12241067519921432 0
    outer loop
      vertex -0.9903694533443939 15.19603428065912 17.1
      vertex -0.9903694533443939 15.19603428065912 18.3
      vertex -0.978353019929562 15.293460948910724 17.1
    endloop
  endfacet
  facet normal 0 0 -1
    outer loop
      vertex -0.978353019929562 15.293460948910724 17.1
      vertex -0.9615705608064609 15.390180644032256 17.1
      vertex -0.940062506389088 15.485960359806526 17.1
    endloop
  endfacet
  facet normal 0 0 -1
    outer loop
      vertex -0.9975909124103448 15.098135348654836 17.1
      vertex -0.940062506389088 15.485960359806526 17.1
      vertex -0.8079785862468867 15.855110186860564 17.1
    endloop
  endfacet
  facet normal 0 0 -1
    outer loop
      vertex -0.940062506389088 15.485960359806526 17.1
      vertex -0.9138806714644176 15.580569354508924 17.1
      vertex -0.8830881303660416 15.67377970678444 17.1
    endloop
  endfacet
  facet normal 0 0 -1
    outer loop
      vertex -0.940062506389088 15.485960359806526 17.1
      vertex -0.8830881303660416 15.67377970678444 17.1
      vertex -0.8079785862468867 15.855110186860564 17.1
    endloop
  endfacet
  facet normal 0 0 -1
    outer loop
      vertex -0.8830881303660416 15.67377970678444 17.1
      vertex -0.8477590650225735 15.76536686473018 17.1
      vertex -0.8079785862468867 15.855110186860564 17.1
    endloop
  endfacet
  facet normal 0 0 -1
    outer loop
      vertex -0.9975909124103448 15.098135348654836 17.1
      vertex -0.8079785862468867 15.855110186860564 17.1
      vertex -0.3431179096940369 16.48190225070992 17.1
    endloop
  endfacet
  facet normal -0.9852776423889408 0.170961888760304 0
    outer loop
      vertex -0.978353019929562 15.293460948910724 17.1
      vertex -0.9615705608064609 15.390180644032256 18.3
      vertex -0.9615705608064609 15.390180644032256 17.1
    endloop
  endfacet
  facet normal -0.9757021300385281 0.21910124015687174 0
    outer loop
      vertex -0.9615705608064609 15.390180644032256 17.1
      vertex -0.9615705608064609 15.390180644032256 18.3
      vertex -0.940062506389088 15.485960359806526 17.1
    endloop
  endfacet
  facet normal -0.9637760657954404 0.2667127574748966 0
    outer loop
      vertex -0.940062506389088 15.485960359806526 17.1
      vertex -0.9138806714644176 15.580569354508924 18.3
      vertex -0.9138806714644176 15.580569354508924 17.1
    endloop
  endfacet
  facet normal -0.949528180593038 0.3136817403988873 0
    outer loop
      vertex -0.9138806714644176 15.580569354508924 17.1
      vertex -0.9138806714644176 15.580569354508924 18.3
      vertex -0.8830881303660416 15.67377970678444 17.1
    endloop
  endfacet
  facet normal -0.9329927988347377 0.35989503653499116 0
    outer loop
      vertex -0.8830881303660416 15.67377970678444 17.1
      vertex -0.8477590650225735 15.76536686473018 18.3
      vertex -0.8477590650225735 15.76536686473018 17.1
    endloop
  endfacet
  facet normal -0.9142097557035314 0.4052413140049883 0
    outer loop
      vertex -0.8477590650225735 15.76536686473018 17.1
      vertex -0.8477590650225735 15.76536686473018 18.3
      vertex -0.8079785862468867 15.855110186860564 17.1
    endloop
  endfacet
  facet normal 0 0 -1
    outer loop
      vertex -0.8079785862468867 15.855110186860564 17.1
      vertex -0.7638425286967101 15.942793473651996 17.1
      vertex -0.715457220000544 16.028205488386444 17.1
    endloop
  endfacet
  facet normal 0 0 -1
    outer loop
      vertex -0.8079785862468867 15.855110186860564 17.1
      vertex -0.715457220000544 16.028205488386444 17.1
      vertex -0.6064150629612899 16.191398608984866 17.1
    endloop
  endfacet
  facet normal 0 0 -1
    outer loop
      vertex -0.715457220000544 16.028205488386444 17.1
      vertex -0.6629392246050905 16.111140466039203 17.1
      vertex -0.6064150629612899 16.191398608984866 17.1
    endloop
  endfacet
  facet normal 0 0 -1
    outer loop
      vertex -0.8079785862468867 15.855110186860564 17.1
      vertex -0.6064150629612899 16.191398608984866 17.1
      vertex -0.3431179096940369 16.48190225070992 17.1
    endloop
  endfacet
  facet normal 0 0 -1
    outer loop
      vertex -0.6064150629612899 16.191398608984866 17.1
      vertex -0.546020906725474 16.26878656832729 17.1
      vertex -0.4819022507099182 16.343117909694037 17.1
    endloop
  endfacet
  facet normal 0 0 -1
    outer loop
      vertex -0.6064150629612899 16.191398608984866 17.1
      vertex -0.4819022507099182 16.343117909694037 17.1
      vertex -0.3431179096940369 16.48190225070992 17.1
    endloop
  endfacet
  facet normal 0 0 -1
    outer loop
      vertex -0.4819022507099182 16.343117909694037 17.1
      vertex -0.41421356237309515 16.414213562373096 17.1
      vertex -0.3431179096940369 16.48190225070992 17.1
    endloop
  endfacet
  facet normal -0.8932243011955167 0.44961132965460415 0
    outer loop
      vertex -0.8079785862468867 15.855110186860564 17.1
      vertex -0.8079785862468867 15.855110186860564 18.3
      vertex -0.7638425286967101 15.942793473651996 17.1
    endloop
  endfacet
  facet normal -0.8700869911087107 0.49289819222978537 0
    outer loop
      vertex -0.7638425286967101 15.942793473651996 17.1
      vertex -0.7638425286967101 15.942793473651996 18.3
      vertex -0.715457220000544 16.028205488386444 17.1
    endloop
  endfacet
  facet normal -0.8448535652497007 0.5349976198871074 0
    outer loop
      vertex -0.715457220000544 16.028205488386444 17.1
      vertex -0.715457220000544 16.028205488386444 18.3
      vertex -0.6629392246050905 16.111140466039203 17.1
    endloop
  endfacet
  facet normal -0.8175848131515867 0.5758081914178411 0
    outer loop
      vertex -0.6629392246050905 16.111140466039203 17.1
      vertex -0.6064150629612899 16.191398608984866 18.3
      vertex -0.6064150629612899 16.191398608984866 17.1
    endloop
  endfacet
  facet normal -0.7883464276266052 0.6152315905806282 0
    outer loop
      vertex -0.6064150629612899 16.191398608984866 17.1
      vertex -0.546020906725474 16.26878656832729 18.3
      vertex -0.546020906725474 16.26878656832729 17.1
    endloop
  endfacet
  facet normal -0.7572088465064906 0.6531728429537698 0
    outer loop
      vertex -0.546020906725474 16.26878656832729 17.1
      vertex -0.546020906725474 16.26878656832729 18.3
      vertex -0.4819022507099182 16.343117909694037 17.1
    endloop
  endfacet
  facet normal -0.7242470829514706 0.689540544737063 0
    outer loop
      vertex -0.4819022507099182 16.343117909694037 17.1
      vertex -0.41421356237309515 16.414213562373096 18.3
      vertex -0.41421356237309515 16.414213562373096 17.1
    endloop
  endfacet
  facet normal -0.689540544737064 0.7242470829514696 0
    outer loop
      vertex -0.41421356237309515 16.414213562373096 17.1
      vertex -0.3431179096940369 16.48190225070992 18.3
      vertex -0.3431179096940369 16.48190225070992 17.1
    endloop
  endfacet
  facet normal 0 0 -1
    outer loop
      vertex -0.9975909124103448 15.098135348654836 17.1
      vertex -0.3431179096940369 16.48190225070992 17.1
      vertex 1 17 17.1
    endloop
  endfacet
  facet normal 0 0 -1
    outer loop
      vertex -0.3431179096940369 16.48190225070992 17.1
      vertex -0.268786568327291 16.546020906725474 17.1
      vertex -0.1913986089848667 16.60641506296129 17.1
    endloop
  endfacet
  facet normal 0 0 -1
    outer loop
      vertex -0.3431179096940369 16.48190225070992 17.1
      vertex -0.1913986089848667 16.60641506296129 17.1
      vertex -0.028205488386443545 16.715457220000545 17.1
    endloop
  endfacet
  facet normal 0 0 -1
    outer loop
      vertex -0.1913986089848667 16.60641506296129 17.1
      vertex -0.11114046603920436 16.66293922460509 17.1
      vertex -0.028205488386443545 16.715457220000545 17.1
    endloop
  endfacet
  facet normal 0 0 -1
    outer loop
      vertex -0.3431179096940369 16.48190225070992 17.1
      vertex -0.028205488386443545 16.715457220000545 17.1
      vertex 0.32622029321556 16.88308813036604 17.1
    endloop
  endfacet
  facet normal 0 0 -1
    outer loop
      vertex -0.028205488386443545 16.715457220000545 17.1
      vertex 0.057206526348004605 16.76384252869671 17.1
      vertex 0.32622029321556 16.88308813036604 17.1
    endloop
  endfacet
  facet normal 0 0 -1
    outer loop
      vertex 0.057206526348004605 16.76384252869671 17.1
      vertex 0.14488981313943583 16.807978586246886 17.1
      vertex 0.23463313526982033 16.847759065022572 17.1
    endloop
  endfacet
  facet normal 0 0 -1
    outer loop
      vertex 0.057206526348004605 16.76384252869671 17.1
      vertex 0.23463313526982033 16.847759065022572 17.1
      vertex 0.32622029321556 16.88308813036604 17.1
    endloop
  endfacet
  facet normal 0 0 -1
    outer loop
      vertex -0.3431179096940369 16.48190225070992 17.1
      vertex 0.32622029321556 16.88308813036604 17.1
      vertex 1 17 17.1
    endloop
  endfacet
  facet normal -0.6531728429537739 0.7572088465064871 0
    outer loop
      vertex -0.3431179096940369 16.48190225070992 17.1
      vertex -0.268786568327291 16.546020906725474 18.3
      vertex -0.268786568327291 16.546020906725474 17.1
    endloop
  endfacet
  facet normal -0.6152315905806272 0.7883464276266061 0
    outer loop
      vertex -0.268786568327291 16.546020906725474 17.1
      vertex -0.268786568327291 16.546020906725474 18.3
      vertex -0.1913986089848667 16.60641506296129 17.1
    endloop
  endfacet
  facet normal -0.5758081914178412 0.8175848131515865 0
    outer loop
      vertex -0.1913986089848667 16.60641506296129 17.1
      vertex -0.11114046603920436 16.66293922460509 18.3
      vertex -0.11114046603920436 16.66293922460509 17.1
    endloop
  endfacet
  facet normal -0.5349976198871069 0.844853565249701 0
    outer loop
      vertex -0.11114046603920436 16.66293922460509 17.1
      vertex -0.11114046603920436 16.66293922460509 18.3
      vertex -0.028205488386443545 16.715457220000545 17.1
    endloop
  endfacet
  facet normal -0.4928981922297785 0.8700869911087146 0
    outer loop
      vertex -0.028205488386443545 16.715457220000545 17.1
      vertex 0.057206526348004605 16.76384252869671 18.3
      vertex 0.057206526348004605 16.76384252869671 17.1
    endloop
  endfacet
  facet normal -0.4496113296546023 0.8932243011955175 0
    outer loop
      vertex 0.057206526348004605 16.76384252869671 17.1
      vertex 0.14488981313943583 16.807978586246886 18.3
      vertex 0.14488981313943583 16.807978586246886 17.1
    endloop
  endfacet
  facet normal -0.40524131400498437 0.9142097557035331 0
    outer loop
      vertex 0.14488981313943583 16.807978586246886 17.1
      vertex 0.14488981313943583 16.807978586246886 18.3
      vertex 0.23463313526982033 16.847759065022572 17.1
    endloop
  endfacet
  facet normal -0.35989503653499005 0.9329927988347381 0
    outer loop
      vertex 0.23463313526982033 16.847759065022572 17.1
      vertex 0.23463313526982033 16.847759065022572 18.3
      vertex 0.32622029321556 16.88308813036604 17.1
    endloop
  endfacet
  facet normal 0 0 -1
    outer loop
      vertex 0.32622029321556 16.88308813036604 17.1
      vertex 0.41943064549107545 16.91388067146442 17.1
      vertex 0.6098193559677436 16.96157056080646 17.1
    endloop
  endfacet
  facet normal 0 0 -1
    outer loop
      vertex 0.41943064549107545 16.91388067146442 17.1
      vertex 0.5140396401934724 16.940062506389086 17.1
      vertex 0.6098193559677436 16.96157056080646 17.1
    endloop
  endfacet
  facet normal 0 0 -1
    outer loop
      vertex 0.32622029321556 16.88308813036604 17.1
      vertex 0.6098193559677436 16.96157056080646 17.1
      vertex 1 17 17.1
    endloop
  endfacet
  facet normal 0 0 -1
    outer loop
      vertex 0.6098193559677436 16.96157056080646 17.1
      vertex 0.7065390510892766 16.97835301992956 17.1
      vertex 0.8039657193408787 16.990369453344393 17.1
    endloop
  endfacet
  facet normal 0 0 -1
    outer loop
      vertex 0.6098193559677436 16.96157056080646 17.1
      vertex 0.8039657193408787 16.990369453344393 17.1
      vertex 1 17 17.1
    endloop
  endfacet
  facet normal 0 0 -1
    outer loop
      vertex 0.8039657193408787 16.990369453344393 17.1
      vertex 0.901864651345164 16.997590912410345 17.1
      vertex 1 17 17.1
    endloop
  endfacet
  facet normal -0.3136817403989124 0.9495281805930297 0
    outer loop
      vertex 0.32622029321556 16.88308813036604 17.1
      vertex 0.41943064549107545 16.91388067146442 18.3
      vertex 0.41943064549107545 16.91388067146442 17.1
    endloop
  endfacet
  facet normal -0.2667127574748716 0.9637760657954473 0
    outer loop
      vertex 0.41943064549107545 16.91388067146442 17.1
      vertex 0.5140396401934724 16.940062506389086 18.3
      vertex 0.5140396401934724 16.940062506389086 17.1
    endloop
  endfacet
  facet normal -0.21910124015688487 0.9757021300385252 0
    outer loop
      vertex 0.5140396401934724 16.940062506389086 17.1
      vertex 0.5140396401934724 16.940062506389086 18.3
      vertex 0.6098193559677436 16.96157056080646 17.1
    endloop
  endfacet
  facet normal -0.1709618887602871 0.9852776423889438 0
    outer loop
      vertex 0.6098193559677436 16.96157056080646 17.1
      vertex 0.7065390510892766 16.97835301992956 18.3
      vertex 0.7065390510892766 16.97835301992956 17.1
    endloop
  endfacet
  facet normal -0.12241067519921874 0.9924795345987096 0
    outer loop
      vertex 0.7065390510892766 16.97835301992956 17.1
      vertex 0.7065390510892766 16.97835301992956 18.3
      vertex 0.8039657193408787 16.990369453344393 17.1
    endloop
  endfacet
  facet normal -0.07356456359968469 0.9972904566786889 0
    outer loop
      vertex 0.8039657193408787 16.990369453344393 17.1
      vertex 0.901864651345164 16.997590912410345 18.3
      vertex 0.901864651345164 16.997590912410345 17.1
    endloop
  endfacet
  facet normal -0.024541228522907528 0.9996988186962044 0
    outer loop
      vertex 0.901864651345164 16.997590912410345 17.1
      vertex 0.901864651345164 16.997590912410345 18.3
      vertex 1 17 17.1
    endloop
  endfacet
  facet normal -0.9996988186962042 0.024541228522912108 0
    outer loop
      vertex -1 15 17.1
      vertex -1 15 18.3
      vertex -0.9975909124103448 15.098135348654836 18.3
    endloop
  endfacet
  facet normal -0.9972904566786902 0.07356456359966751 0
    outer loop
      vertex -0.9975909124103448 15.098135348654836 17.1
      vertex -0.9975909124103448 15.098135348654836 18.3
      vertex -0.9903694533443939 15.19603428065912 18.3
    endloop
  endfacet
  facet normal -0.9924795345987103 0.12241067519921432 0
    outer loop
      vertex -0.978353019929562 15.293460948910724 17.1
      vertex -0.9903694533443939 15.19603428065912 18.3
      vertex -0.978353019929562 15.293460948910724 18.3
    endloop
  endfacet
  facet normal -0.9852776423889408 0.170961888760304 0
    outer loop
      vertex -0.978353019929562 15.293460948910724 17.1
      vertex -0.978353019929562 15.293460948910724 18.3
      vertex -0.9615705608064609 15.390180644032256 18.3
    endloop
  endfacet
  facet normal -0.9757021300385281 0.21910124015687174 0
    outer loop
      vertex -0.940062506389088 15.485960359806526 17.1
      vertex -0.9615705608064609 15.390180644032256 18.3
      vertex -0.940062506389088 15.485960359806526 18.3
    endloop
  endfacet
  facet normal -0.9637760657954404 0.2667127574748966 0
    outer loop
      vertex -0.940062506389088 15.485960359806526 17.1
      vertex -0.940062506389088 15.485960359806526 18.3
      vertex -0.9138806714644176 15.580569354508924 18.3
    endloop
  endfacet
  facet normal -0.949528180593038 0.3136817403988873 0
    outer loop
      vertex -0.8830881303660416 15.67377970678444 17.1
      vertex -0.9138806714644176 15.580569354508924 18.3
      vertex -0.8830881303660416 15.67377970678444 18.3
    endloop
  endfacet
  facet normal -0.9329927988347377 0.35989503653499116 0
    outer loop
      vertex -0.8830881303660416 15.67377970678444 17.1
      vertex -0.8830881303660416 15.67377970678444 18.3
      vertex -0.8477590650225735 15.76536686473018 18.3
    endloop
  endfacet
  facet normal -0.9142097557035314 0.4052413140049883 0
    outer loop
      vertex -0.8079785862468867 15.855110186860564 17.1
      vertex -0.8477590650225735 15.76536686473018 18.3
      vertex -0.8079785862468867 15.855110186860564 18.3
    endloop
  endfacet
  facet normal 0 0 1
    outer loop
      vertex -0.9975909124103448 15.098135348654836 18.3
      vertex -0.978353019929562 15.293460948910724 18.3
      vertex -0.9903694533443939 15.19603428065912 18.3
    endloop
  endfacet
  facet normal 0 0 1
    outer loop
      vertex -0.9975909124103448 15.098135348654836 18.3
      vertex -0.940062506389088 15.485960359806526 18.3
      vertex -0.978353019929562 15.293460948910724 18.3
    endloop
  endfacet
  facet normal 0 0 1
    outer loop
      vertex -0.978353019929562 15.293460948910724 18.3
      vertex -0.940062506389088 15.485960359806526 18.3
      vertex -0.9615705608064609 15.390180644032256 18.3
    endloop
  endfacet
  facet normal 0 0 1
    outer loop
      vertex -0.9975909124103448 15.098135348654836 18.3
      vertex -0.8079785862468867 15.855110186860564 18.3
      vertex -0.940062506389088 15.485960359806526 18.3
    endloop
  endfacet
  facet normal 0 0 1
    outer loop
      vertex -0.940062506389088 15.485960359806526 18.3
      vertex -0.8830881303660416 15.67377970678444 18.3
      vertex -0.9138806714644176 15.580569354508924 18.3
    endloop
  endfacet
  facet normal 0 0 1
    outer loop
      vertex -0.940062506389088 15.485960359806526 18.3
      vertex -0.8079785862468867 15.855110186860564 18.3
      vertex -0.8830881303660416 15.67377970678444 18.3
    endloop
  endfacet
  facet normal 0 0 1
    outer loop
      vertex -0.8830881303660416 15.67377970678444 18.3
      vertex -0.8079785862468867 15.855110186860564 18.3
      vertex -0.8477590650225735 15.76536686473018 18.3
    endloop
  endfacet
  facet normal 0 0 1
    outer loop
      vertex -0.9975909124103448 15.098135348654836 18.3
      vertex -0.268786568327291 16.546020906725474 18.3
      vertex -0.8079785862468867 15.855110186860564 18.3
    endloop
  endfacet
  facet normal -0.8932243011955167 0.44961132965460415 0
    outer loop
      vertex -0.7638425286967101 15.942793473651996 17.1
      vertex -0.8079785862468867 15.855110186860564 18.3
      vertex -0.7638425286967101 15.942793473651996 18.3
    endloop
  endfacet
  facet normal -0.8700869911087107 0.49289819222978537 0
    outer loop
      vertex -0.715457220000544 16.028205488386444 17.1
      vertex -0.7638425286967101 15.942793473651996 18.3
      vertex -0.715457220000544 16.028205488386444 18.3
    endloop
  endfacet
  facet normal -0.8448535652497007 0.5349976198871074 0
    outer loop
      vertex -0.6629392246050905 16.111140466039203 17.1
      vertex -0.715457220000544 16.028205488386444 18.3
      vertex -0.6629392246050905 16.111140466039203 18.3
    endloop
  endfacet
  facet normal -0.8175848131515867 0.5758081914178411 0
    outer loop
      vertex -0.6629392246050905 16.111140466039203 17.1
      vertex -0.6629392246050905 16.111140466039203 18.3
      vertex -0.6064150629612899 16.191398608984866 18.3
    endloop
  endfacet
  facet normal -0.7883464276266052 0.6152315905806282 0
    outer loop
      vertex -0.6064150629612899 16.191398608984866 17.1
      vertex -0.6064150629612899 16.191398608984866 18.3
      vertex -0.546020906725474 16.26878656832729 18.3
    endloop
  endfacet
  facet normal -0.7572088465064906 0.6531728429537698 0
    outer loop
      vertex -0.4819022507099182 16.343117909694037 17.1
      vertex -0.546020906725474 16.26878656832729 18.3
      vertex -0.4819022507099182 16.343117909694037 18.3
    endloop
  endfacet
  facet normal -0.7242470829514706 0.689540544737063 0
    outer loop
      vertex -0.4819022507099182 16.343117909694037 17.1
      vertex -0.4819022507099182 16.343117909694037 18.3
      vertex -0.41421356237309515 16.414213562373096 18.3
    endloop
  endfacet
  facet normal -0.689540544737064 0.7242470829514696 0
    outer loop
      vertex -0.41421356237309515 16.414213562373096 17.1
      vertex -0.41421356237309515 16.414213562373096 18.3
      vertex -0.3431179096940369 16.48190225070992 18.3
    endloop
  endfacet
  facet normal -0.6531728429537739 0.7572088465064871 0
    outer loop
      vertex -0.3431179096940369 16.48190225070992 17.1
      vertex -0.3431179096940369 16.48190225070992 18.3
      vertex -0.268786568327291 16.546020906725474 18.3
    endloop
  endfacet
  facet normal -0.6152315905806272 0.7883464276266061 0
    outer loop
      vertex -0.1913986089848667 16.60641506296129 17.1
      vertex -0.268786568327291 16.546020906725474 18.3
      vertex -0.1913986089848667 16.60641506296129 18.3
    endloop
  endfacet
  facet normal -0.5758081914178412 0.8175848131515865 0
    outer loop
      vertex -0.1913986089848667 16.60641506296129 17.1
      vertex -0.1913986089848667 16.60641506296129 18.3
      vertex -0.11114046603920436 16.66293922460509 18.3
    endloop
  endfacet
  facet normal -0.5349976198871069 0.844853565249701 0
    outer loop
      vertex -0.028205488386443545 16.715457220000545 17.1
      vertex -0.11114046603920436 16.66293922460509 18.3
      vertex -0.028205488386443545 16.715457220000545 18.3
    endloop
  endfacet
  facet normal -0.4928981922297785 0.8700869911087146 0
    outer loop
      vertex -0.028205488386443545 16.715457220000545 17.1
      vertex -0.028205488386443545 16.715457220000545 18.3
      vertex 0.057206526348004605 16.76384252869671 18.3
    endloop
  endfacet
  facet normal -0.4496113296546023 0.8932243011955175 0
    outer loop
      vertex 0.057206526348004605 16.76384252869671 17.1
      vertex 0.057206526348004605 16.76384252869671 18.3
      vertex 0.14488981313943583 16.807978586246886 18.3
    endloop
  endfacet
  facet normal -0.40524131400498437 0.9142097557035331 0
    outer loop
      vertex 0.23463313526982033 16.847759065022572 17.1
      vertex 0.14488981313943583 16.807978586246886 18.3
      vertex 0.23463313526982033 16.847759065022572 18.3
    endloop
  endfacet
  facet normal -0.35989503653499005 0.9329927988347381 0
    outer loop
      vertex 0.32622029321556 16.88308813036604 17.1
      vertex 0.23463313526982033 16.847759065022572 18.3
      vertex 0.32622029321556 16.88308813036604 18.3
    endloop
  endfacet
  facet normal -0.3136817403989124 0.9495281805930297 0
    outer loop
      vertex 0.32622029321556 16.88308813036604 17.1
      vertex 0.32622029321556 16.88308813036604 18.3
      vertex 0.41943064549107545 16.91388067146442 18.3
    endloop
  endfacet
  facet normal 0 0 1
    outer loop
      vertex -0.8079785862468867 15.855110186860564 18.3
      vertex -0.715457220000544 16.028205488386444 18.3
      vertex -0.7638425286967101 15.942793473651996 18.3
    endloop
  endfacet
  facet normal 0 0 1
    outer loop
      vertex -0.8079785862468867 15.855110186860564 18.3
      vertex -0.6064150629612899 16.191398608984866 18.3
      vertex -0.715457220000544 16.028205488386444 18.3
    endloop
  endfacet
  facet normal 0 0 1
    outer loop
      vertex -0.715457220000544 16.028205488386444 18.3
      vertex -0.6064150629612899 16.191398608984866 18.3
      vertex -0.6629392246050905 16.111140466039203 18.3
    endloop
  endfacet
  facet normal 0 0 1
    outer loop
      vertex -0.8079785862468867 15.855110186860564 18.3
      vertex -0.546020906725474 16.26878656832729 18.3
      vertex -0.6064150629612899 16.191398608984866 18.3
    endloop
  endfacet
  facet normal 0 0 1
    outer loop
      vertex -0.8079785862468867 15.855110186860564 18.3
      vertex -0.268786568327291 16.546020906725474 18.3
      vertex -0.546020906725474 16.26878656832729 18.3
    endloop
  endfacet
  facet normal 0 0 1
    outer loop
      vertex -0.546020906725474 16.26878656832729 18.3
      vertex -0.41421356237309515 16.414213562373096 18.3
      vertex -0.4819022507099182 16.343117909694037 18.3
    endloop
  endfacet
  facet normal 0 0 1
    outer loop
      vertex -0.546020906725474 16.26878656832729 18.3
      vertex -0.268786568327291 16.546020906725474 18.3
      vertex -0.41421356237309515 16.414213562373096 18.3
    endloop
  endfacet
  facet normal 0 0 1
    outer loop
      vertex -0.41421356237309515 16.414213562373096 18.3
      vertex -0.268786568327291 16.546020906725474 18.3
      vertex -0.3431179096940369 16.48190225070992 18.3
    endloop
  endfacet
  facet normal 0 0 1
    outer loop
      vertex -0.268786568327291 16.546020906725474 18.3
      vertex -0.11114046603920436 16.66293922460509 18.3
      vertex -0.1913986089848667 16.60641506296129 18.3
    endloop
  endfacet
  facet normal 0 0 1
    outer loop
      vertex -0.268786568327291 16.546020906725474 18.3
      vertex 0.057206526348004605 16.76384252869671 18.3
      vertex -0.11114046603920436 16.66293922460509 18.3
    endloop
  endfacet
  facet normal 0 0 1
    outer loop
      vertex -0.11114046603920436 16.66293922460509 18.3
      vertex 0.057206526348004605 16.76384252869671 18.3
      vertex -0.028205488386443545 16.715457220000545 18.3
    endloop
  endfacet
  facet normal 0 0 1
    outer loop
      vertex -0.268786568327291 16.546020906725474 18.3
      vertex 0.32622029321556 16.88308813036604 18.3
      vertex 0.057206526348004605 16.76384252869671 18.3
    endloop
  endfacet
  facet normal 0 0 1
    outer loop
      vertex 0.057206526348004605 16.76384252869671 18.3
      vertex 0.23463313526982033 16.847759065022572 18.3
      vertex 0.14488981313943583 16.807978586246886 18.3
    endloop
  endfacet
  facet normal 0 0 1
    outer loop
      vertex 0.057206526348004605 16.76384252869671 18.3
      vertex 0.32622029321556 16.88308813036604 18.3
      vertex 0.23463313526982033 16.847759065022572 18.3
    endloop
  endfacet
  facet normal 0 0 1
    outer loop
      vertex -0.268786568327291 16.546020906725474 18.3
      vertex 1 17 18.3
      vertex 0.32622029321556 16.88308813036604 18.3
    endloop
  endfacet
  facet normal -0.2667127574748716 0.9637760657954473 0
    outer loop
      vertex 0.41943064549107545 16.91388067146442 17.1
      vertex 0.41943064549107545 16.91388067146442 18.3
      vertex 0.5140396401934724 16.940062506389086 18.3
    endloop
  endfacet
  facet normal -0.21910124015688487 0.9757021300385252 0
    outer loop
      vertex 0.6098193559677436 16.96157056080646 17.1
      vertex 0.5140396401934724 16.940062506389086 18.3
      vertex 0.6098193559677436 16.96157056080646 18.3
    endloop
  endfacet
  facet normal -0.1709618887602871 0.9852776423889438 0
    outer loop
      vertex 0.6098193559677436 16.96157056080646 17.1
      vertex 0.6098193559677436 16.96157056080646 18.3
      vertex 0.7065390510892766 16.97835301992956 18.3
    endloop
  endfacet
  facet normal -0.12241067519921874 0.9924795345987096 0
    outer loop
      vertex 0.8039657193408787 16.990369453344393 17.1
      vertex 0.7065390510892766 16.97835301992956 18.3
      vertex 0.8039657193408787 16.990369453344393 18.3
    endloop
  endfacet
  facet normal -0.07356456359968469 0.9972904566786889 0
    outer loop
      vertex 0.8039657193408787 16.990369453344393 17.1
      vertex 0.8039657193408787 16.990369453344393 18.3
      vertex 0.901864651345164 16.997590912410345 18.3
    endloop
  endfacet
  facet normal -0.024541228522907528 0.9996988186962044 0
    outer loop
      vertex 1 17 17.1
      vertex 0.901864651345164 16.997590912410345 18.3
      vertex 1 17 18.3
    endloop
  endfacet
  facet normal 0 0 1
    outer loop
      vertex 0.32622029321556 16.88308813036604 18.3
      vertex 0.6098193559677436 16.96157056080646 18.3
      vertex 0.41943064549107545 16.91388067146442 18.3
    endloop
  endfacet
  facet normal 0 0 1
    outer loop
      vertex 0.41943064549107545 16.91388067146442 18.3
      vertex 0.6098193559677436 16.96157056080646 18.3
      vertex 0.5140396401934724 16.940062506389086 18.3
    endloop
  endfacet
  facet normal 0 0 1
    outer loop
      vertex 0.32622029321556 16.88308813036604 18.3
      vertex 1 17 18.3
      vertex 0.6098193559677436 16.96157056080646 18.3
    endloop
  endfacet
  facet normal 0 0 1
    outer loop
      vertex 0.6098193559677436 16.96157056080646 18.3
      vertex 0.8039657193408787 16.990369453344393 18.3
      vertex 0.7065390510892766 16.97835301992956 18.3
    endloop
  endfacet
  facet normal 0 0 1
    outer loop
      vertex 0.6098193559677436 16.96157056080646 18.3
      vertex 1 17 18.3
      vertex 0.8039657193408787 16.990369453344393 18.3
    endloop
  endfacet
  facet normal 0 0 1
    outer loop
      vertex 0.8039657193408787 16.990369453344393 18.3
      vertex 1 17 18.3
      vertex 0.901864651345164 16.997590912410345 18.3
    endloop
  endfacet
  facet normal 0 0 1
    outer loop
      vertex -0.268786568327291 16.546020906725474 18.3
      vertex 2.5 13 18.3
      vertex 17.5 13 18.3
    endloop
  endfacet
  facet normal 0 1 0
    outer loop
      vertex 1 17 17.1
      vertex 1 17 18.3
      vertex 19 17 17.1
    endloop
  endfacet
  facet normal 0 0 1
    outer loop
      vertex -0.268786568327291 16.546020906725474 18.3
      vertex 20.26878656832729 16.546020906725474 18.3
      vertex 1 17 18.3
    endloop
  endfacet
  facet normal 0 0 -1
    outer loop
      vertex 1 -1 17.1
      vertex 20.26878656832729 -0.546020906725474 17.1
      vertex 19 -1 17.1
    endloop
  endfacet
  facet normal 0 0 -1
    outer loop
      vertex -0.268786568327291 -0.546020906725474 17.1
      vertex 21 1 17.1
      vertex 20.26878656832729 -0.546020906725474 17.1
    endloop
  endfacet
  facet normal 0 -1 0
    outer loop
      vertex 1 -1 18.3
      vertex 19 -1 17.1
      vertex 19 -1 18.3
    endloop
  endfacet
  facet normal 0 0 1
    outer loop
      vertex 1 -1 18.3
      vertex 19 -1 18.3
      vertex 20.26878656832729 -0.546020906725474 18.3
    endloop
  endfacet
  facet normal 0 0 1
    outer loop
      vertex 20.26878656832729 -0.546020906725474 18.3
      vertex 17.5 3 18.3
      vertex 2.5 3 18.3
    endloop
  endfacet
  facet normal 0 0 -1
    outer loop
      vertex 19 -1 17.1
      vertex 19.293460948910724 -0.978353019929562 17.1
      vertex 19.098135348654836 -0.9975909124103448 17.1
    endloop
  endfacet
  facet normal 0 0 -1
    outer loop
      vertex 19.098135348654836 -0.9975909124103448 17.1
      vertex 19.293460948910724 -0.978353019929562 17.1
      vertex 19.19603428065912 -0.9903694533443939 17.1
    endloop
  endfacet
  facet normal 0 0 -1
    outer loop
      vertex 19 -1 17.1
      vertex 19.67377970678444 -0.8830881303660416 17.1
      vertex 19.293460948910724 -0.978353019929562 17.1
    endloop
  endfacet
  facet normal 0 0 -1
    outer loop
      vertex 19.293460948910724 -0.978353019929562 17.1
      vertex 19.485960359806526 -0.940062506389088 17.1
      vertex 19.390180644032256 -0.9615705608064609 17.1
    endloop
  endfacet
  facet normal 0 0 -1
    outer loop
      vertex 19.293460948910724 -0.978353019929562 17.1
      vertex 19.67377970678444 -0.8830881303660416 17.1
      vertex 19.485960359806526 -0.940062506389088 17.1
    endloop
  endfacet
  facet normal 0 0 -1
    outer loop
      vertex 19.485960359806526 -0.940062506389088 17.1
      vertex 19.67377970678444 -0.8830881303660416 17.1
      vertex 19.580569354508924 -0.9138806714644176 17.1
    endloop
  endfacet
  facet normal 0.024541228522912108 -0.9996988186962042 0
    outer loop
      vertex 19 -1 17.1
      vertex 19.098135348654836 -0.9975909124103448 17.1
      vertex 19 -1 18.3
    endloop
  endfacet
  facet normal 0.07356456359966751 -0.9972904566786902 0
    outer loop
      vertex 19.098135348654836 -0.9975909124103448 17.1
      vertex 19.19603428065912 -0.9903694533443939 17.1
      vertex 19.098135348654836 -0.9975909124103448 18.3
    endloop
  endfacet
  facet normal 0.12241067519921432 -0.9924795345987103 0
    outer loop
      vertex 19.19603428065912 -0.9903694533443939 17.1
      vertex 19.293460948910724 -0.978353019929562 17.1
      vertex 19.293460948910724 -0.978353019929562 18.3
    endloop
  endfacet
  facet normal 0.170961888760304 -0.9852776423889408 0
    outer loop
      vertex 19.293460948910724 -0.978353019929562 17.1
      vertex 19.390180644032256 -0.9615705608064609 17.1
      vertex 19.293460948910724 -0.978353019929562 18.3
    endloop
  endfacet
  facet normal 0.21910124015687174 -0.9757021300385281 0
    outer loop
      vertex 19.390180644032256 -0.9615705608064609 17.1
      vertex 19.485960359806526 -0.940062506389088 17.1
      vertex 19.485960359806526 -0.940062506389088 18.3
    endloop
  endfacet
  facet normal 0.2667127574748966 -0.9637760657954404 0
    outer loop
      vertex 19.485960359806526 -0.940062506389088 17.1
      vertex 19.580569354508924 -0.9138806714644176 17.1
      vertex 19.485960359806526 -0.940062506389088 18.3
    endloop
  endfacet
  facet normal 0 0 -1
    outer loop
      vertex 19 -1 17.1
      vertex 20.26878656832729 -0.546020906725474 17.1
      vertex 19.67377970678444 -0.8830881303660416 17.1
    endloop
  endfacet
  facet normal 0 0 -1
    outer loop
      vertex 19.67377970678444 -0.8830881303660416 17.1
      vertex 19.855110186860564 -0.8079785862468867 17.1
      vertex 19.76536686473018 -0.8477590650225735 17.1
    endloop
  endfacet
  facet normal 0 0 -1
    outer loop
      vertex 19.67377970678444 -0.8830881303660416 17.1
      vertex 19.942793473651996 -0.7638425286967101 17.1
      vertex 19.855110186860564 -0.8079785862468867 17.1
    endloop
  endfacet
  facet normal 0 0 -1
    outer loop
      vertex 19.67377970678444 -0.8830881303660416 17.1
      vertex 20.26878656832729 -0.546020906725474 17.1
      vertex 19.942793473651996 -0.7638425286967101 17.1
    endloop
  endfacet
  facet normal 0 0 -1
    outer loop
      vertex 19.942793473651996 -0.7638425286967101 17.1
      vertex 20.111140466039203 -0.6629392246050905 17.1
      vertex 20.028205488386444 -0.715457220000544 17.1
    endloop
  endfacet
  facet normal 0 0 -1
    outer loop
      vertex 19.942793473651996 -0.7638425286967101 17.1
      vertex 20.26878656832729 -0.546020906725474 17.1
      vertex 20.111140466039203 -0.6629392246050905 17.1
    endloop
  endfacet
  facet normal 0 0 -1
    outer loop
      vertex 20.111140466039203 -0.6629392246050905 17.1
      vertex 20.26878656832729 -0.546020906725474 17.1
      vertex 20.191398608984866 -0.6064150629612899 17.1
    endloop
  endfacet
  facet normal 0.3136817403988873 -0.949528180593038 0
    outer loop
      vertex 19.580569354508924 -0.9138806714644176 17.1
      vertex 19.67377970678444 -0.8830881303660416 17.1
      vertex 19.67377970678444 -0.8830881303660416 18.3
    endloop
  endfacet
  facet normal 0.35989503653499116 -0.9329927988347377 0
    outer loop
      vertex 19.67377970678444 -0.8830881303660416 17.1
      vertex 19.76536686473018 -0.8477590650225735 17.1
      vertex 19.67377970678444 -0.8830881303660416 18.3
    endloop
  endfacet
  facet normal 0.4052413140049883 -0.9142097557035314 0
    outer loop
      vertex 19.76536686473018 -0.8477590650225735 17.1
      vertex 19.855110186860564 -0.8079785862468867 17.1
      vertex 19.855110186860564 -0.8079785862468867 18.3
    endloop
  endfacet
  facet normal 0.44961132965460415 -0.8932243011955167 0
    outer loop
      vertex 19.855110186860564 -0.8079785862468867 17.1
      vertex 19.942793473651996 -0.7638425286967101 17.1
      vertex 19.855110186860564 -0.8079785862468867 18.3
    endloop
  endfacet
  facet normal 0.49289819222978537 -0.8700869911087107 0
    outer loop
      vertex 19.942793473651996 -0.7638425286967101 17.1
      vertex 20.028205488386444 -0.715457220000544 17.1
      vertex 19.942793473651996 -0.7638425286967101 18.3
    endloop
  endfacet
  facet normal 0.5349976198871074 -0.8448535652497007 0
    outer loop
      vertex 20.028205488386444 -0.715457220000544 17.1
      vertex 20.111140466039203 -0.6629392246050905 17.1
      vertex 20.111140466039203 -0.6629392246050905 18.3
    endloop
  endfacet
  facet normal 0.5758081914178411 -0.8175848131515867 0
    outer loop
      vertex 20.111140466039203 -0.6629392246050905 17.1
      vertex 20.191398608984866 -0.6064150629612899 17.1
      vertex 20.111140466039203 -0.6629392246050905 18.3
    endloop
  endfacet
  facet normal 0.6152315905806282 -0.7883464276266052 0
    outer loop
      vertex 20.191398608984866 -0.6064150629612899 17.1
      vertex 20.26878656832729 -0.546020906725474 17.1
      vertex 20.26878656832729 -0.546020906725474 18.3
    endloop
  endfacet
  facet normal 0 0 -1
    outer loop
      vertex 20.26878656832729 -0.546020906725474 17.1
      vertex 20.414213562373096 -0.41421356237309515 17.1
      vertex 20.343117909694037 -0.4819022507099182 17.1
    endloop
  endfacet
  facet normal 0.6531728429537698 -0.7572088465064906 0
    outer loop
      vertex 20.26878656832729 -0.546020906725474 17.1
      vertex 20.343117909694037 -0.4819022507099182 17.1
      vertex 20.343117909694037 -0.4819022507099182 18.3
    endloop
  endfacet
  facet normal 0.689540544737063 -0.7242470829514706 0
    outer loop
      vertex 20.343117909694037 -0.4819022507099182 17.1
      vertex 20.414213562373096 -0.41421356237309515 17.1
      vertex 20.343117909694037 -0.4819022507099182 18.3
    endloop
  endfacet
  facet normal 0 0 -1
    outer loop
      vertex 20.26878656832729 -0.546020906725474 17.1
      vertex 20.546020906725474 -0.268786568327291 17.1
      vertex 20.414213562373096 -0.41421356237309515 17.1
    endloop
  endfacet
  facet normal 0 0 -1
    outer loop
      vertex 20.414213562373096 -0.41421356237309515 17.1
      vertex 20.546020906725474 -0.268786568327291 17.1
      vertex 20.48190225070992 -0.3431179096940369 17.1
    endloop
  endfacet
  facet normal 0 0 -1
    outer loop
      vertex 20.26878656832729 -0.546020906725474 17.1
      vertex 20.807978586246886 0.14488981313943583 17.1
      vertex 20.546020906725474 -0.268786568327291 17.1
    endloop
  endfacet
  facet normal 0 0 -1
    outer loop
      vertex 20.546020906725474 -0.268786568327291 17.1
      vertex 20.66293922460509 -0.11114046603920436 17.1
      vertex 20.60641506296129 -0.1913986089848667 17.1
    endloop
  endfacet
  facet normal 0 0 -1
    outer loop
      vertex 20.546020906725474 -0.268786568327291 17.1
      vertex 20.715457220000545 -0.028205488386443545 17.1
      vertex 20.66293922460509 -0.11114046603920436 17.1
    endloop
  endfacet
  facet normal 0 0 -1
    outer loop
      vertex 20.546020906725474 -0.268786568327291 17.1
      vertex 20.807978586246886 0.14488981313943583 17.1
      vertex 20.715457220000545 -0.028205488386443545 17.1
    endloop
  endfacet
  facet normal 0 0 -1
    outer loop
      vertex 20.715457220000545 -0.028205488386443545 17.1
      vertex 20.807978586246886 0.14488981313943583 17.1
      vertex 20.76384252869671 0.057206526348004605 17.1
    endloop
  endfacet
  facet normal 0.7242470829514696 -0.689540544737064 0
    outer loop
      vertex 20.414213562373096 -0.41421356237309515 17.1
      vertex 20.48190225070992 -0.3431179096940369 17.1
      vertex 20.48190225070992 -0.3431179096940369 18.3
    endloop
  endfacet
  facet normal 0.7572088465064871 -0.6531728429537739 0
    outer loop
      vertex 20.48190225070992 -0.3431179096940369 17.1
      vertex 20.546020906725474 -0.268786568327291 17.1
      vertex 20.48190225070992 -0.3431179096940369 18.3
    endloop
  endfacet
  facet normal 0.7883464276266061 -0.6152315905806272 0
    outer loop
      vertex 20.546020906725474 -0.268786568327291 17.1
      vertex 20.60641506296129 -0.1913986089848667 17.1
      vertex 20.60641506296129 -0.1913986089848667 18.3
    endloop
  endfacet
  facet normal 0.8175848131515865 -0.5758081914178412 0
    outer loop
      vertex 20.60641506296129 -0.1913986089848667 17.1
      vertex 20.66293922460509 -0.11114046603920436 17.1
      vertex 20.60641506296129 -0.1913986089848667 18.3
    endloop
  endfacet
  facet normal 0.844853565249701 -0.5349976198871069 0
    outer loop
      vertex 20.66293922460509 -0.11114046603920436 17.1
      vertex 20.715457220000545 -0.028205488386443545 17.1
      vertex 20.66293922460509 -0.11114046603920436 18.3
    endloop
  endfacet
  facet normal 0.8700869911087146 -0.4928981922297785 0
    outer loop
      vertex 20.715457220000545 -0.028205488386443545 17.1
      vertex 20.76384252869671 0.057206526348004605 17.1
      vertex 20.76384252869671 0.057206526348004605 18.3
    endloop
  endfacet
  facet normal 0.8932243011955175 -0.4496113296546023 0
    outer loop
      vertex 20.76384252869671 0.057206526348004605 17.1
      vertex 20.807978586246886 0.14488981313943583 17.1
      vertex 20.76384252869671 0.057206526348004605 18.3
    endloop
  endfacet
  facet normal 0 0 -1
    outer loop
      vertex 20.26878656832729 -0.546020906725474 17.1
      vertex 21 1 17.1
      vertex 20.807978586246886 0.14488981313943583 17.1
    endloop
  endfacet
  facet normal 0 0 -1
    outer loop
      vertex 20.807978586246886 0.14488981313943583 17.1
      vertex 20.88308813036604 0.32622029321556 17.1
      vertex 20.847759065022572 0.23463313526982033 17.1
    endloop
  endfacet
  facet normal 0 0 -1
    outer loop
      vertex 20.807978586246886 0.14488981313943583 17.1
      vertex 20.940062506389086 0.5140396401934724 17.1
      vertex 20.88308813036604 0.32622029321556 17.1
    endloop
  endfacet
  facet normal 0 0 -1
    outer loop
      vertex 20.88308813036604 0.32622029321556 17.1
      vertex 20.940062506389086 0.5140396401934724 17.1
      vertex 20.91388067146442 0.41943064549107545 17.1
    endloop
  endfacet
  facet normal 0 0 -1
    outer loop
      vertex 20.807978586246886 0.14488981313943583 17.1
      vertex 21 1 17.1
      vertex 20.940062506389086 0.5140396401934724 17.1
    endloop
  endfacet
  facet normal 0 0 -1
    outer loop
      vertex 20.940062506389086 0.5140396401934724 17.1
      vertex 20.97835301992956 0.7065390510892766 17.1
      vertex 20.96157056080646 0.6098193559677436 17.1
    endloop
  endfacet
  facet normal 0.9142097557035331 -0.40524131400498437 0
    outer loop
      vertex 20.807978586246886 0.14488981313943583 17.1
      vertex 20.847759065022572 0.23463313526982033 17.1
      vertex 20.847759065022572 0.23463313526982033 18.3
    endloop
  endfacet
  facet normal 0.9329927988347381 -0.35989503653499005 0
    outer loop
      vertex 20.847759065022572 0.23463313526982033 17.1
      vertex 20.88308813036604 0.32622029321556 17.1
      vertex 20.847759065022572 0.23463313526982033 18.3
    endloop
  endfacet
  facet normal 0.9495281805930297 -0.3136817403989124 0
    outer loop
      vertex 20.88308813036604 0.32622029321556 17.1
      vertex 20.91388067146442 0.41943064549107545 17.1
      vertex 20.91388067146442 0.41943064549107545 18.3
    endloop
  endfacet
  facet normal 0.9637760657954473 -0.2667127574748716 0
    outer loop
      vertex 20.91388067146442 0.41943064549107545 17.1
      vertex 20.940062506389086 0.5140396401934724 17.1
      vertex 20.91388067146442 0.41943064549107545 18.3
    endloop
  endfacet
  facet normal 0.9757021300385252 -0.21910124015688487 0
    outer loop
      vertex 20.940062506389086 0.5140396401934724 17.1
      vertex 20.96157056080646 0.6098193559677436 17.1
      vertex 20.96157056080646 0.6098193559677436 18.3
    endloop
  endfacet
  facet normal 0.9852776423889438 -0.1709618887602871 0
    outer loop
      vertex 20.96157056080646 0.6098193559677436 17.1
      vertex 20.97835301992956 0.7065390510892766 17.1
      vertex 20.96157056080646 0.6098193559677436 18.3
    endloop
  endfacet
  facet normal 0 0 -1
    outer loop
      vertex 20.940062506389086 0.5140396401934724 17.1
      vertex 21 1 17.1
      vertex 20.97835301992956 0.7065390510892766 17.1
    endloop
  endfacet
  facet normal 0 0 -1
    outer loop
      vertex 20.97835301992956 0.7065390510892766 17.1
      vertex 20.997590912410345 0.901864651345164 17.1
      vertex 20.990369453344393 0.8039657193408787 17.1
    endloop
  endfacet
  facet normal 0 0 -1
    outer loop
      vertex 20.97835301992956 0.7065390510892766 17.1
      vertex 21 1 17.1
      vertex 20.997590912410345 0.901864651345164 17.1
    endloop
  endfacet
  facet normal 0.9924795345987096 -0.12241067519921874 0
    outer loop
      vertex 20.97835301992956 0.7065390510892766 17.1
      vertex 20.990369453344393 0.8039657193408787 17.1
      vertex 20.990369453344393 0.8039657193408787 18.3
    endloop
  endfacet
  facet normal 0.9972904566786889 -0.07356456359968469 0
    outer loop
      vertex 20.990369453344393 0.8039657193408787 17.1
      vertex 20.997590912410345 0.901864651345164 17.1
      vertex 20.990369453344393 0.8039657193408787 18.3
    endloop
  endfacet
  facet normal 0.9996988186962044 -0.024541228522907528 0
    outer loop
      vertex 20.997590912410345 0.901864651345164 17.1
      vertex 21 1 17.1
      vertex 20.997590912410345 0.901864651345164 18.3
    endloop
  endfacet
  facet normal 0.024541228522912108 -0.9996988186962042 0
    outer loop
      vertex 19.098135348654836 -0.9975909124103448 17.1
      vertex 19.098135348654836 -0.9975909124103448 18.3
      vertex 19 -1 18.3
    endloop
  endfacet
  facet normal 0.07356456359966751 -0.9972904566786902 0
    outer loop
      vertex 19.19603428065912 -0.9903694533443939 17.1
      vertex 19.19603428065912 -0.9903694533443939 18.3
      vertex 19.098135348654836 -0.9975909124103448 18.3
    endloop
  endfacet
  facet normal 0.12241067519921432 -0.9924795345987103 0
    outer loop
      vertex 19.19603428065912 -0.9903694533443939 17.1
      vertex 19.293460948910724 -0.978353019929562 18.3
      vertex 19.19603428065912 -0.9903694533443939 18.3
    endloop
  endfacet
  facet normal 0.170961888760304 -0.9852776423889408 0
    outer loop
      vertex 19.390180644032256 -0.9615705608064609 17.1
      vertex 19.390180644032256 -0.9615705608064609 18.3
      vertex 19.293460948910724 -0.978353019929562 18.3
    endloop
  endfacet
  facet normal 0.21910124015687174 -0.9757021300385281 0
    outer loop
      vertex 19.390180644032256 -0.9615705608064609 17.1
      vertex 19.485960359806526 -0.940062506389088 18.3
      vertex 19.390180644032256 -0.9615705608064609 18.3
    endloop
  endfacet
  facet normal 0.2667127574748966 -0.9637760657954404 0
    outer loop
      vertex 19.580569354508924 -0.9138806714644176 17.1
      vertex 19.580569354508924 -0.9138806714644176 18.3
      vertex 19.485960359806526 -0.940062506389088 18.3
    endloop
  endfacet
  facet normal 0.3136817403988873 -0.949528180593038 0
    outer loop
      vertex 19.580569354508924 -0.9138806714644176 17.1
      vertex 19.67377970678444 -0.8830881303660416 18.3
      vertex 19.580569354508924 -0.9138806714644176 18.3
    endloop
  endfacet
  facet normal 0 0 1
    outer loop
      vertex 19 -1 18.3
      vertex 19.098135348654836 -0.9975909124103448 18.3
      vertex 19.293460948910724 -0.978353019929562 18.3
    endloop
  endfacet
  facet normal 0 0 1
    outer loop
      vertex 19.098135348654836 -0.9975909124103448 18.3
      vertex 19.19603428065912 -0.9903694533443939 18.3
      vertex 19.293460948910724 -0.978353019929562 18.3
    endloop
  endfacet
  facet normal 0 0 1
    outer loop
      vertex 19 -1 18.3
      vertex 19.293460948910724 -0.978353019929562 18.3
      vertex 19.67377970678444 -0.8830881303660416 18.3
    endloop
  endfacet
  facet normal 0 0 1
    outer loop
      vertex 19.293460948910724 -0.978353019929562 18.3
      vertex 19.390180644032256 -0.9615705608064609 18.3
      vertex 19.485960359806526 -0.940062506389088 18.3
    endloop
  endfacet
  facet normal 0 0 1
    outer loop
      vertex 19.293460948910724 -0.978353019929562 18.3
      vertex 19.485960359806526 -0.940062506389088 18.3
      vertex 19.67377970678444 -0.8830881303660416 18.3
    endloop
  endfacet
  facet normal 0 0 1
    outer loop
      vertex 19.485960359806526 -0.940062506389088 18.3
      vertex 19.580569354508924 -0.9138806714644176 18.3
      vertex 19.67377970678444 -0.8830881303660416 18.3
    endloop
  endfacet
  facet normal 0.35989503653499116 -0.9329927988347377 0
    outer loop
      vertex 19.76536686473018 -0.8477590650225735 17.1
      vertex 19.76536686473018 -0.8477590650225735 18.3
      vertex 19.67377970678444 -0.8830881303660416 18.3
    endloop
  endfacet
  facet normal 0.4052413140049883 -0.9142097557035314 0
    outer loop
      vertex 19.76536686473018 -0.8477590650225735 17.1
      vertex 19.855110186860564 -0.8079785862468867 18.3
      vertex 19.76536686473018 -0.8477590650225735 18.3
    endloop
  endfacet
  facet normal 0.44961132965460415 -0.8932243011955167 0
    outer loop
      vertex 19.942793473651996 -0.7638425286967101 17.1
      vertex 19.942793473651996 -0.7638425286967101 18.3
      vertex 19.855110186860564 -0.8079785862468867 18.3
    endloop
  endfacet
  facet normal 0.49289819222978537 -0.8700869911087107 0
    outer loop
      vertex 20.028205488386444 -0.715457220000544 17.1
      vertex 20.028205488386444 -0.715457220000544 18.3
      vertex 19.942793473651996 -0.7638425286967101 18.3
    endloop
  endfacet
  facet normal 0.5349976198871074 -0.8448535652497007 0
    outer loop
      vertex 20.028205488386444 -0.715457220000544 17.1
      vertex 20.111140466039203 -0.6629392246050905 18.3
      vertex 20.028205488386444 -0.715457220000544 18.3
    endloop
  endfacet
  facet normal 0.5758081914178411 -0.8175848131515867 0
    outer loop
      vertex 20.191398608984866 -0.6064150629612899 17.1
      vertex 20.191398608984866 -0.6064150629612899 18.3
      vertex 20.111140466039203 -0.6629392246050905 18.3
    endloop
  endfacet
  facet normal 0.6152315905806282 -0.7883464276266052 0
    outer loop
      vertex 20.191398608984866 -0.6064150629612899 17.1
      vertex 20.26878656832729 -0.546020906725474 18.3
      vertex 20.191398608984866 -0.6064150629612899 18.3
    endloop
  endfacet
  facet normal 0.6531728429537698 -0.7572088465064906 0
    outer loop
      vertex 20.26878656832729 -0.546020906725474 17.1
      vertex 20.343117909694037 -0.4819022507099182 18.3
      vertex 20.26878656832729 -0.546020906725474 18.3
    endloop
  endfacet
  facet normal 0.689540544737063 -0.7242470829514706 0
    outer loop
      vertex 20.414213562373096 -0.41421356237309515 17.1
      vertex 20.414213562373096 -0.41421356237309515 18.3
      vertex 20.343117909694037 -0.4819022507099182 18.3
    endloop
  endfacet
  facet normal 0.7242470829514696 -0.689540544737064 0
    outer loop
      vertex 20.414213562373096 -0.41421356237309515 17.1
      vertex 20.48190225070992 -0.3431179096940369 18.3
      vertex 20.414213562373096 -0.41421356237309515 18.3
    endloop
  endfacet
  facet normal 0.7572088465064871 -0.6531728429537739 0
    outer loop
      vertex 20.546020906725474 -0.268786568327291 17.1
      vertex 20.546020906725474 -0.268786568327291 18.3
      vertex 20.48190225070992 -0.3431179096940369 18.3
    endloop
  endfacet
  facet normal 0.7883464276266061 -0.6152315905806272 0
    outer loop
      vertex 20.546020906725474 -0.268786568327291 17.1
      vertex 20.60641506296129 -0.1913986089848667 18.3
      vertex 20.546020906725474 -0.268786568327291 18.3
    endloop
  endfacet
  facet normal 0.8175848131515865 -0.5758081914178412 0
    outer loop
      vertex 20.66293922460509 -0.11114046603920436 17.1
      vertex 20.66293922460509 -0.11114046603920436 18.3
      vertex 20.60641506296129 -0.1913986089848667 18.3
    endloop
  endfacet
  facet normal 0.844853565249701 -0.5349976198871069 0
    outer loop
      vertex 20.715457220000545 -0.028205488386443545 17.1
      vertex 20.715457220000545 -0.028205488386443545 18.3
      vertex 20.66293922460509 -0.11114046603920436 18.3
    endloop
  endfacet
  facet normal 0.8700869911087146 -0.4928981922297785 0
    outer loop
      vertex 20.715457220000545 -0.028205488386443545 17.1
      vertex 20.76384252869671 0.057206526348004605 18.3
      vertex 20.715457220000545 -0.028205488386443545 18.3
    endloop
  endfacet
  facet normal 0.8932243011955175 -0.4496113296546023 0
    outer loop
      vertex 20.807978586246886 0.14488981313943583 17.1
      vertex 20.807978586246886 0.14488981313943583 18.3
      vertex 20.76384252869671 0.057206526348004605 18.3
    endloop
  endfacet
  facet normal 0 0 1
    outer loop
      vertex 19 -1 18.3
      vertex 19.67377970678444 -0.8830881303660416 18.3
      vertex 20.26878656832729 -0.546020906725474 18.3
    endloop
  endfacet
  facet normal 0 0 1
    outer loop
      vertex 19.67377970678444 -0.8830881303660416 18.3
      vertex 19.76536686473018 -0.8477590650225735 18.3
      vertex 19.855110186860564 -0.8079785862468867 18.3
    endloop
  endfacet
  facet normal 0 0 1
    outer loop
      vertex 19.67377970678444 -0.8830881303660416 18.3
      vertex 19.855110186860564 -0.8079785862468867 18.3
      vertex 19.942793473651996 -0.7638425286967101 18.3
    endloop
  endfacet
  facet normal 0 0 1
    outer loop
      vertex 19.67377970678444 -0.8830881303660416 18.3
      vertex 19.942793473651996 -0.7638425286967101 18.3
      vertex 20.26878656832729 -0.546020906725474 18.3
    endloop
  endfacet
  facet normal 0 0 1
    outer loop
      vertex 19.942793473651996 -0.7638425286967101 18.3
      vertex 20.028205488386444 -0.715457220000544 18.3
      vertex 20.111140466039203 -0.6629392246050905 18.3
    endloop
  endfacet
  facet normal 0 0 1
    outer loop
      vertex 19.942793473651996 -0.7638425286967101 18.3
      vertex 20.111140466039203 -0.6629392246050905 18.3
      vertex 20.26878656832729 -0.546020906725474 18.3
    endloop
  endfacet
  facet normal 0 0 1
    outer loop
      vertex 20.111140466039203 -0.6629392246050905 18.3
      vertex 20.191398608984866 -0.6064150629612899 18.3
      vertex 20.26878656832729 -0.546020906725474 18.3
    endloop
  endfacet
  facet normal 0 0 1
    outer loop
      vertex 20.26878656832729 -0.546020906725474 18.3
      vertex 20.343117909694037 -0.4819022507099182 18.3
      vertex 20.414213562373096 -0.41421356237309515 18.3
    endloop
  endfacet
  facet normal 0 0 1
    outer loop
      vertex 20.26878656832729 -0.546020906725474 18.3
      vertex 20.414213562373096 -0.41421356237309515 18.3
      vertex 20.546020906725474 -0.268786568327291 18.3
    endloop
  endfacet
  facet normal 0 0 1
    outer loop
      vertex 20.414213562373096 -0.41421356237309515 18.3
      vertex 20.48190225070992 -0.3431179096940369 18.3
      vertex 20.546020906725474 -0.268786568327291 18.3
    endloop
  endfacet
  facet normal 0 0 1
    outer loop
      vertex 20.26878656832729 -0.546020906725474 18.3
      vertex 20.546020906725474 -0.268786568327291 18.3
      vertex 20.807978586246886 0.14488981313943583 18.3
    endloop
  endfacet
  facet normal 0 0 1
    outer loop
      vertex 20.546020906725474 -0.268786568327291 18.3
      vertex 20.60641506296129 -0.1913986089848667 18.3
      vertex 20.66293922460509 -0.11114046603920436 18.3
    endloop
  endfacet
  facet normal 0 0 1
    outer loop
      vertex 20.546020906725474 -0.268786568327291 18.3
      vertex 20.66293922460509 -0.11114046603920436 18.3
      vertex 20.715457220000545 -0.028205488386443545 18.3
    endloop
  endfacet
  facet normal 0 0 1
    outer loop
      vertex 20.546020906725474 -0.268786568327291 18.3
      vertex 20.715457220000545 -0.028205488386443545 18.3
      vertex 20.807978586246886 0.14488981313943583 18.3
    endloop
  endfacet
  facet normal 0 0 1
    outer loop
      vertex 20.715457220000545 -0.028205488386443545 18.3
      vertex 20.76384252869671 0.057206526348004605 18.3
      vertex 20.807978586246886 0.14488981313943583 18.3
    endloop
  endfacet
  facet normal 0.9142097557035331 -0.40524131400498437 0
    outer loop
      vertex 20.807978586246886 0.14488981313943583 17.1
      vertex 20.847759065022572 0.23463313526982033 18.3
      vertex 20.807978586246886 0.14488981313943583 18.3
    endloop
  endfacet
  facet normal 0.9329927988347381 -0.35989503653499005 0
    outer loop
      vertex 20.88308813036604 0.32622029321556 17.1
      vertex 20.88308813036604 0.32622029321556 18.3
      vertex 20.847759065022572 0.23463313526982033 18.3
    endloop
  endfacet
  facet normal 0.9495281805930297 -0.3136817403989124 0
    outer loop
      vertex 20.88308813036604 0.32622029321556 17.1
      vertex 20.91388067146442 0.41943064549107545 18.3
      vertex 20.88308813036604 0.32622029321556 18.3
    endloop
  endfacet
  facet normal 0.9637760657954473 -0.2667127574748716 0
    outer loop
      vertex 20.940062506389086 0.5140396401934724 17.1
      vertex 20.940062506389086 0.5140396401934724 18.3
      vertex 20.91388067146442 0.41943064549107545 18.3
    endloop
  endfacet
  facet normal 0.9757021300385252 -0.21910124015688487 0
    outer loop
      vertex 20.940062506389086 0.5140396401934724 17.1
      vertex 20.96157056080646 0.6098193559677436 18.3
      vertex 20.940062506389086 0.5140396401934724 18.3
    endloop
  endfacet
  facet normal 0.9852776423889438 -0.1709618887602871 0
    outer loop
      vertex 20.97835301992956 0.7065390510892766 17.1
      vertex 20.97835301992956 0.7065390510892766 18.3
      vertex 20.96157056080646 0.6098193559677436 18.3
    endloop
  endfacet
  facet normal 0.9924795345987096 -0.12241067519921874 0
    outer loop
      vertex 20.97835301992956 0.7065390510892766 17.1
      vertex 20.990369453344393 0.8039657193408787 18.3
      vertex 20.97835301992956 0.7065390510892766 18.3
    endloop
  endfacet
  facet normal 0.9972904566786889 -0.07356456359968469 0
    outer loop
      vertex 20.997590912410345 0.901864651345164 17.1
      vertex 20.997590912410345 0.901864651345164 18.3
      vertex 20.990369453344393 0.8039657193408787 18.3
    endloop
  endfacet
  facet normal 0.9996988186962044 -0.024541228522907528 0
    outer loop
      vertex 21 1 17.1
      vertex 21 1 18.3
      vertex 20.997590912410345 0.901864651345164 18.3
    endloop
  endfacet
  facet normal 0 0 1
    outer loop
      vertex 20.26878656832729 -0.546020906725474 18.3
      vertex 20.807978586246886 0.14488981313943583 18.3
      vertex 21 1 18.3
    endloop
  endfacet
  facet normal 0 0 1
    outer loop
      vertex 20.807978586246886 0.14488981313943583 18.3
      vertex 20.847759065022572 0.23463313526982033 18.3
      vertex 20.88308813036604 0.32622029321556 18.3
    endloop
  endfacet
  facet normal 0 0 1
    outer loop
      vertex 20.807978586246886 0.14488981313943583 18.3
      vertex 20.88308813036604 0.32622029321556 18.3
      vertex 20.96157056080646 0.6098193559677436 18.3
    endloop
  endfacet
  facet normal 0 0 1
    outer loop
      vertex 20.88308813036604 0.32622029321556 18.3
      vertex 20.91388067146442 0.41943064549107545 18.3
      vertex 20.96157056080646 0.6098193559677436 18.3
    endloop
  endfacet
  facet normal 0 0 1
    outer loop
      vertex 20.91388067146442 0.41943064549107545 18.3
      vertex 20.940062506389086 0.5140396401934724 18.3
      vertex 20.96157056080646 0.6098193559677436 18.3
    endloop
  endfacet
  facet normal 0 0 1
    outer loop
      vertex 20.807978586246886 0.14488981313943583 18.3
      vertex 20.96157056080646 0.6098193559677436 18.3
      vertex 21 1 18.3
    endloop
  endfacet
  facet normal 0 0 1
    outer loop
      vertex 20.96157056080646 0.6098193559677436 18.3
      vertex 20.97835301992956 0.7065390510892766 18.3
      vertex 20.990369453344393 0.8039657193408787 18.3
    endloop
  endfacet
  facet normal 0 0 1
    outer loop
      vertex 20.96157056080646 0.6098193559677436 18.3
      vertex 20.990369453344393 0.8039657193408787 18.3
      vertex 21 1 18.3
    endloop
  endfacet
  facet normal 0 0 1
    outer loop
      vertex 20.990369453344393 0.8039657193408787 18.3
      vertex 20.997590912410345 0.901864651345164 18.3
      vertex 21 1 18.3
    endloop
  endfacet
  facet normal 0 0 -1
    outer loop
      vertex 21 1 17.1
      vertex 16.305537208725497 6.960662984621818 17.1
      vertex 16.357371569758474 6.92783923749966 17.1
    endloop
  endfacet
  facet normal 0 0 -1
    outer loop
      vertex 21 1 17.1
      vertex 16.465556133212147 6.870013383595696 17.1
      vertex 16.521645709543638 6.8451505843608915 17.1
    endloop
  endfacet
  facet normal 0 0 -1
    outer loop
      vertex 21 1 17.1
      vertex 16.521645709543638 6.8451505843608915 17.1
      vertex 16.578887683259726 6.823069918521224 17.1
    endloop
  endfacet
  facet normal 0 0 -1
    outer loop
      vertex 21 1 17.1
      vertex 16.578887683259726 6.823069918521224 17.1
      vertex 16.637144153431922 6.803824580334739 17.1
    endloop
  endfacet
  facet normal 0 0 -1
    outer loop
      vertex 21 1 17.1
      vertex 16.637144153431922 6.803824580334739 17.1
      vertex 16.69627477512092 6.78746093350682 17.1
    endloop
  endfacet
  facet normal 0 0 -1
    outer loop
      vertex 21 1 17.1
      vertex 16.69627477512092 6.78746093350682 17.1
      vertex 16.75613709747984 6.7740183994959615 17.1
    endloop
  endfacet
  facet normal 0 0 -1
    outer loop
      vertex 21 1 17.1
      vertex 16.75613709747984 6.7740183994959615 17.1
      vertex 16.816586906930798 6.763529362544023 17.1
    endloop
  endfacet
  facet normal 0 0 -1
    outer loop
      vertex 21 1 17.1
      vertex 16.816586906930798 6.763529362544023 17.1
      vertex 16.87747857458805 6.756019091659754 17.1
    endloop
  endfacet
  facet normal 0 0 -1
    outer loop
      vertex 21 1 17.1
      vertex 16.357371569758474 6.92783923749966 17.1
      vertex 16.410754078967503 6.897598419564556 17.1
    endloop
  endfacet
  facet normal 0 0 -1
    outer loop
      vertex 21 1 17.1
      vertex 16.410754078967503 6.897598419564556 17.1
      vertex 16.465556133212147 6.870013383595696 17.1
    endloop
  endfacet
  facet normal 0 0 -1
    outer loop
      vertex 21 1 17.1
      vertex 16.87747857458805 6.756019091659754 17.1
      vertex 16.938665407090728 6.751505679743534 17.1
    endloop
  endfacet
  facet normal 0 0 -1
    outer loop
      vertex 21 1 17.1
      vertex 16.938665407090728 6.751505679743534 17.1
      vertex 17 6.75 17.1
    endloop
  endfacet
  facet normal 0 0 -1
    outer loop
      vertex 21 1 17.1
      vertex 17 6.75 17.1
      vertex 17.061334592909272 6.751505679743534 17.1
    endloop
  endfacet
  facet normal 0 0 -1
    outer loop
      vertex 21 1 17.1
      vertex 17.061334592909272 6.751505679743534 17.1
      vertex 17.12252142541195 6.756019091659754 17.1
    endloop
  endfacet
  facet normal 0 0 -1
    outer loop
      vertex 21 1 17.1
      vertex 17.12252142541195 6.756019091659754 17.1
      vertex 17.183413093069202 6.763529362544023 17.1
    endloop
  endfacet
  facet normal 0 0 -1
    outer loop
      vertex 21 1 17.1
      vertex 17.183413093069202 6.763529362544023 17.1
      vertex 17.24386290252016 6.7740183994959615 17.1
    endloop
  endfacet
  facet normal 0 0 -1
    outer loop
      vertex 21 1 17.1
      vertex 17.24386290252016 6.7740183994959615 17.1
      vertex 17.30372522487908 6.78746093350682 17.1
    endloop
  endfacet
  facet normal 0 0 -1
    outer loop
      vertex 21 1 17.1
      vertex 17.30372522487908 6.78746093350682 17.1
      vertex 17.362855846568078 6.803824580334739 17.1
    endloop
  endfacet
  facet normal 0 0 -1
    outer loop
      vertex 21 1 17.1
      vertex 17.362855846568078 6.803824580334739 17.1
      vertex 17.421112316740274 6.823069918521224 17.1
    endloop
  endfacet
  facet normal 0 0 -1
    outer loop
      vertex 21 1 17.1
      vertex 17.421112316740274 6.823069918521224 17.1
      vertex 17.478354290456362 6.8451505843608915 17.1
    endloop
  endfacet
  facet normal 0 0 -1
    outer loop
      vertex 21 1 17.1
      vertex 17.478354290456362 6.8451505843608915 17.1
      vertex 17.534443866787853 6.870013383595696 17.1
    endloop
  endfacet
  facet normal 0 0 -1
    outer loop
      vertex 21 1 17.1
      vertex 17.534443866787853 6.870013383595696 17.1
      vertex 17.589245921032497 6.897598419564556 17.1
    endloop
  endfacet
  facet normal 0 0 -1
    outer loop
      vertex 21 1 17.1
      vertex 17.589245921032497 6.897598419564556 17.1
      vertex 17.642628430241526 6.92783923749966 17.1
    endloop
  endfacet
  facet normal 0 0 -1
    outer loop
      vertex 21 1 17.1
      vertex 17.642628430241526 6.92783923749966 17.1
      vertex 17.694462791274503 6.960662984621818 17.1
    endloop
  endfacet
  facet normal 0 0 -1
    outer loop
      vertex 21 1 17.1
      vertex 17.694462791274503 6.960662984621818 17.1
      vertex 17.74462413061554 6.995990585649194 17.1
    endloop
  endfacet
  facet normal 0 0 -1
    outer loop
      vertex 21 1 17.1
      vertex 17.74462413061554 6.995990585649194 17.1
      vertex 17.792991605204556 7.033736933296579 17.1
    endloop
  endfacet
  facet normal 0 0 -1
    outer loop
      vertex 21 1 17.1
      vertex 17.792991605204556 7.033736933296579 17.1
      vertex 17.839448693558772 7.073811093306301 17.1
    endloop
  endfacet
  facet normal 0 0 -1
    outer loop
      vertex 21 1 17.1
      vertex 17.839448693558772 7.073811093306301 17.1
      vertex 17.883883476483184 7.116116523516816 17.1
    endloop
  endfacet
  facet normal 0 0 -1
    outer loop
      vertex 21 1 17.1
      vertex 17.883883476483184 7.116116523516816 17.1
      vertex 17.9261889066937 7.160551306441227 17.1
    endloop
  endfacet
  facet normal 0 0 -1
    outer loop
      vertex 21 1 17.1
      vertex 17.9261889066937 7.160551306441227 17.1
      vertex 17.966263066703423 7.207008394795443 17.1
    endloop
  endfacet
  facet normal 0 0 -1
    outer loop
      vertex 21 1 17.1
      vertex 17.966263066703423 7.207008394795443 17.1
      vertex 18.004009414350808 7.2553758693844586 17.1
    endloop
  endfacet
  facet normal 0 0 -1
    outer loop
      vertex 21 1 17.1
      vertex 18.004009414350808 7.2553758693844586 17.1
      vertex 18.03933701537818 7.3055372087254975 17.1
    endloop
  endfacet
  facet normal 0 0 -1
    outer loop
      vertex 21 1 17.1
      vertex 18.03933701537818 7.3055372087254975 17.1
      vertex 18.07216076250034 7.357371569758473 17.1
    endloop
  endfacet
  facet normal 0 0 -1
    outer loop
      vertex 21 1 17.1
      vertex 18.07216076250034 7.357371569758473 17.1
      vertex 18.102401580435444 7.410754078967503 17.1
    endloop
  endfacet
  facet normal 0 0 -1
    outer loop
      vertex 21 1 17.1
      vertex 18.102401580435444 7.410754078967503 17.1
      vertex 18.129986616404302 7.465556133212147 17.1
    endloop
  endfacet
  facet normal 0 0 -1
    outer loop
      vertex 21 1 17.1
      vertex 18.129986616404302 7.465556133212147 17.1
      vertex 18.15484941563911 7.5216457095436375 17.1
    endloop
  endfacet
  facet normal 0 0 -1
    outer loop
      vertex 21 1 17.1
      vertex 18.15484941563911 7.5216457095436375 17.1
      vertex 18.176930081478776 7.578887683259725 17.1
    endloop
  endfacet
  facet normal 0 0 -1
    outer loop
      vertex 21 1 17.1
      vertex 18.176930081478776 7.578887683259725 17.1
      vertex 18.19617541966526 7.637144153431922 17.1
    endloop
  endfacet
  facet normal 0 0 -1
    outer loop
      vertex 21 1 17.1
      vertex 18.19617541966526 7.637144153431922 17.1
      vertex 18.21253906649318 7.69627477512092 17.1
    endloop
  endfacet
  facet normal 0 0 -1
    outer loop
      vertex 21 1 17.1
      vertex 18.21253906649318 7.69627477512092 17.1
      vertex 18.22598160050404 7.75613709747984 17.1
    endloop
  endfacet
  facet normal 0 0 -1
    outer loop
      vertex 21 1 17.1
      vertex 18.22598160050404 7.75613709747984 17.1
      vertex 18.236470637455977 7.816586906930798 17.1
    endloop
  endfacet
  facet normal 0 0 -1
    outer loop
      vertex 21 1 17.1
      vertex 18.236470637455977 7.816586906930798 17.1
      vertex 18.243980908340248 7.877478574588049 17.1
    endloop
  endfacet
  facet normal 0 0 -1
    outer loop
      vertex 21 1 17.1
      vertex 18.243980908340248 7.877478574588049 17.1
      vertex 18.248494320256466 7.938665407090728 17.1
    endloop
  endfacet
  facet normal 0 0 -1
    outer loop
      vertex 21 1 17.1
      vertex 18.248494320256466 7.938665407090728 17.1
      vertex 18.25 8 17.1
    endloop
  endfacet
  facet normal 0 0 -1
    outer loop
      vertex 21 1 17.1
      vertex 18.25 8 17.1
      vertex 18.248494320256466 8.061334592909272 17.1
    endloop
  endfacet
  facet normal 0 0 -1
    outer loop
      vertex 21 1 17.1
      vertex 18.248494320256466 8.061334592909272 17.1
      vertex 18.243980908340248 8.12252142541195 17.1
    endloop
  endfacet
  facet normal 0 0 1
    outer loop
      vertex 20.26878656832729 -0.546020906725474 18.3
      vertex 17.5 13 18.3
      vertex 17.5 3 18.3
    endloop
  endfacet
  facet normal 1 0 0
    outer loop
      vertex 21 1 17.1
      vertex 21 15 18.3
      vertex 21 1 18.3
    endloop
  endfacet
  facet normal 0 0 1
    outer loop
      vertex 20.26878656832729 -0.546020906725474 18.3
      vertex 21 1 18.3
      vertex 20.26878656832729 16.546020906725474 18.3
    endloop
  endfacet
  facet normal 0 0 -1
    outer loop
      vertex 21 1 17.1
      vertex 18.243980908340248 8.12252142541195 17.1
      vertex 18.236470637455977 8.183413093069202 17.1
    endloop
  endfacet
  facet normal 0 0 -1
    outer loop
      vertex 21 1 17.1
      vertex 18.236470637455977 8.183413093069202 17.1
      vertex 18.22598160050404 8.24386290252016 17.1
    endloop
  endfacet
  facet normal 0 0 -1
    outer loop
      vertex 21 1 17.1
      vertex 18.22598160050404 8.24386290252016 17.1
      vertex 18.21253906649318 8.30372522487908 17.1
    endloop
  endfacet
  facet normal 0 0 -1
    outer loop
      vertex 21 1 17.1
      vertex 18.21253906649318 8.30372522487908 17.1
      vertex 18.19617541966526 8.362855846568078 17.1
    endloop
  endfacet
  facet normal 0 0 -1
    outer loop
      vertex 21 1 17.1
      vertex 18.19617541966526 8.362855846568078 17.1
      vertex 18.176930081478776 8.421112316740276 17.1
    endloop
  endfacet
  facet normal 0 0 -1
    outer loop
      vertex 1 17 17.1
      vertex 15.960662984621818 7.3055372087254975 17.1
      vertex 15.995990585649194 7.2553758693844586 17.1
    endloop
  endfacet
  facet normal 0 0 -1
    outer loop
      vertex 1 17 17.1
      vertex 15.995990585649194 7.2553758693844586 17.1
      vertex 16.033736933296577 7.207008394795443 17.1
    endloop
  endfacet
  facet normal 0 0 -1
    outer loop
      vertex 1 17 17.1
      vertex 15.897598419564556 7.410754078967503 17.1
      vertex 15.92783923749966 7.357371569758473 17.1
    endloop
  endfacet
  facet normal 0 0 -1
    outer loop
      vertex 1 17 17.1
      vertex 15.870013383595696 7.465556133212147 17.1
      vertex 15.897598419564556 7.410754078967503 17.1
    endloop
  endfacet
  facet normal 0 0 -1
    outer loop
      vertex 1 17 17.1
      vertex 15.84515058436089 7.5216457095436375 17.1
      vertex 15.870013383595696 7.465556133212147 17.1
    endloop
  endfacet
  facet normal 0 0 -1
    outer loop
      vertex 1 17 17.1
      vertex 15.92783923749966 7.357371569758473 17.1
      vertex 15.960662984621818 7.3055372087254975 17.1
    endloop
  endfacet
  facet normal 0 0 -1
    outer loop
      vertex 1 17 17.1
      vertex 15.823069918521224 7.578887683259725 17.1
      vertex 15.84515058436089 7.5216457095436375 17.1
    endloop
  endfacet
  facet normal 0 0 -1
    outer loop
      vertex 1 17 17.1
      vertex 15.803824580334739 7.637144153431922 17.1
      vertex 15.823069918521224 7.578887683259725 17.1
    endloop
  endfacet
  facet normal 0 0 -1
    outer loop
      vertex 1 17 17.1
      vertex 15.78746093350682 7.69627477512092 17.1
      vertex 15.803824580334739 7.637144153431922 17.1
    endloop
  endfacet
  facet normal 0 0 -1
    outer loop
      vertex 1 17 17.1
      vertex 16.25537586938446 6.995990585649194 17.1
      vertex 16.305537208725497 6.960662984621818 17.1
    endloop
  endfacet
  facet normal 0 0 -1
    outer loop
      vertex 1 17 17.1
      vertex 16.207008394795444 7.033736933296579 17.1
      vertex 16.25537586938446 6.995990585649194 17.1
    endloop
  endfacet
  facet normal 0 0 -1
    outer loop
      vertex 1 17 17.1
      vertex 16.160551306441228 7.073811093306301 17.1
      vertex 16.207008394795444 7.033736933296579 17.1
    endloop
  endfacet
  facet normal 0 0 -1
    outer loop
      vertex 1 17 17.1
      vertex 16.0738110933063 7.160551306441227 17.1
      vertex 16.116116523516816 7.116116523516816 17.1
    endloop
  endfacet
  facet normal 0 0 -1
    outer loop
      vertex 1 17 17.1
      vertex 16.033736933296577 7.207008394795443 17.1
      vertex 16.0738110933063 7.160551306441227 17.1
    endloop
  endfacet
  facet normal 0 0 -1
    outer loop
      vertex 1 17 17.1
      vertex 16.116116523516816 7.116116523516816 17.1
      vertex 16.160551306441228 7.073811093306301 17.1
    endloop
  endfacet
  facet normal 0 0 -1
    outer loop
      vertex 1 17 17.1
      vertex 15.774018399495962 7.75613709747984 17.1
      vertex 15.78746093350682 7.69627477512092 17.1
    endloop
  endfacet
  facet normal 0 0 -1
    outer loop
      vertex 1 17 17.1
      vertex 15.763529362544023 7.816586906930798 17.1
      vertex 15.774018399495962 7.75613709747984 17.1
    endloop
  endfacet
  facet normal 0 0 -1
    outer loop
      vertex 1 17 17.1
      vertex 15.756019091659754 7.877478574588049 17.1
      vertex 15.763529362544023 7.816586906930798 17.1
    endloop
  endfacet
  facet normal 0 0 -1
    outer loop
      vertex 1 17 17.1
      vertex 15.751505679743534 7.938665407090728 17.1
      vertex 15.756019091659754 7.877478574588049 17.1
    endloop
  endfacet
  facet normal 0 0 -1
    outer loop
      vertex 1 17 17.1
      vertex 15.75 8 17.1
      vertex 15.751505679743534 7.938665407090728 17.1
    endloop
  endfacet
  facet normal 0 0 -1
    outer loop
      vertex 1 17 17.1
      vertex 15.751505679743534 8.061334592909272 17.1
      vertex 15.75 8 17.1
    endloop
  endfacet
  facet normal 0 0 -1
    outer loop
      vertex 1 17 17.1
      vertex 15.756019091659754 8.12252142541195 17.1
      vertex 15.751505679743534 8.061334592909272 17.1
    endloop
  endfacet
  facet normal 0 0 -1
    outer loop
      vertex 1 17 17.1
      vertex 15.763529362544023 8.183413093069202 17.1
      vertex 15.756019091659754 8.12252142541195 17.1
    endloop
  endfacet
  facet normal 0 0 -1
    outer loop
      vertex 1 17 17.1
      vertex 15.774018399495962 8.24386290252016 17.1
      vertex 15.763529362544023 8.183413093069202 17.1
    endloop
  endfacet
  facet normal 0 0 -1
    outer loop
      vertex 1 17 17.1
      vertex 15.78746093350682 8.30372522487908 17.1
      vertex 15.774018399495962 8.24386290252016 17.1
    endloop
  endfacet
  facet normal 0 0 -1
    outer loop
      vertex 1 17 17.1
      vertex 15.803824580334739 8.362855846568078 17.1
      vertex 15.78746093350682 8.30372522487908 17.1
    endloop
  endfacet
  facet normal 0 0 -1
    outer loop
      vertex 1 17 17.1
      vertex 15.823069918521224 8.421112316740276 17.1
      vertex 15.803824580334739 8.362855846568078 17.1
    endloop
  endfacet
  facet normal 0 0 -1
    outer loop
      vertex 1 17 17.1
      vertex 15.84515058436089 8.478354290456362 17.1
      vertex 15.823069918521224 8.421112316740276 17.1
    endloop
  endfacet
  facet normal 0 0 -1
    outer loop
      vertex 1 17 17.1
      vertex 15.870013383595696 8.534443866787853 17.1
      vertex 15.84515058436089 8.478354290456362 17.1
    endloop
  endfacet
  facet normal 0 0 -1
    outer loop
      vertex 1 17 17.1
      vertex 15.897598419564556 8.589245921032497 17.1
      vertex 15.870013383595696 8.534443866787853 17.1
    endloop
  endfacet
  facet normal 0 0 -1
    outer loop
      vertex 1 17 17.1
      vertex 15.92783923749966 8.642628430241528 17.1
      vertex 15.897598419564556 8.589245921032497 17.1
    endloop
  endfacet
  facet normal 0 0 -1
    outer loop
      vertex 1 17 17.1
      vertex 15.960662984621818 8.694462791274503 17.1
      vertex 15.92783923749966 8.642628430241528 17.1
    endloop
  endfacet
  facet normal 0 0 -1
    outer loop
      vertex 1 17 17.1
      vertex 15.995990585649194 8.744624130615541 17.1
      vertex 15.960662984621818 8.694462791274503 17.1
    endloop
  endfacet
  facet normal 0 0 -1
    outer loop
      vertex 1 17 17.1
      vertex 16.033736933296577 8.792991605204557 17.1
      vertex 15.995990585649194 8.744624130615541 17.1
    endloop
  endfacet
  facet normal 0 0 -1
    outer loop
      vertex 1 17 17.1
      vertex 16.0738110933063 8.839448693558772 17.1
      vertex 16.033736933296577 8.792991605204557 17.1
    endloop
  endfacet
  facet normal 0 0 -1
    outer loop
      vertex 1 17 17.1
      vertex 16.116116523516816 8.883883476483184 17.1
      vertex 16.0738110933063 8.839448693558772 17.1
    endloop
  endfacet
  facet normal 0 0 -1
    outer loop
      vertex 1 17 17.1
      vertex 16.160551306441228 8.9261889066937 17.1
      vertex 16.116116523516816 8.883883476483184 17.1
    endloop
  endfacet
  facet normal 0 0 -1
    outer loop
      vertex 1 17 17.1
      vertex 16.305537208725497 6.960662984621818 17.1
      vertex 21 1 17.1
    endloop
  endfacet
  facet normal 0 0 -1
    outer loop
      vertex 1 17 17.1
      vertex 20.26878656832729 16.546020906725474 17.1
      vertex 16.160551306441228 8.9261889066937 17.1
    endloop
  endfacet
  facet normal 0 0 1
    outer loop
      vertex -0.268786568327291 16.546020906725474 18.3
      vertex 17.5 13 18.3
      vertex 20.26878656832729 16.546020906725474 18.3
    endloop
  endfacet
  facet normal 0 0 -1
    outer loop
      vertex 1 17 17.1
      vertex 19 17 17.1
      vertex 20.26878656832729 16.546020906725474 17.1
    endloop
  endfacet
  facet normal 0 1 0
    outer loop
      vertex 1 17 18.3
      vertex 19 17 18.3
      vertex 19 17 17.1
    endloop
  endfacet
  facet normal 0 0 1
    outer loop
      vertex 1 17 18.3
      vertex 20.26878656832729 16.546020906725474 18.3
      vertex 19 17 18.3
    endloop
  endfacet
  facet normal 0 0 -1
    outer loop
      vertex 16.160551306441228 8.9261889066937 17.1
      vertex 20.26878656832729 16.546020906725474 17.1
      vertex 16.207008394795444 8.966263066703421 17.1
    endloop
  endfacet
  facet normal 0 0 -1
    outer loop
      vertex 16.207008394795444 8.966263066703421 17.1
      vertex 20.26878656832729 16.546020906725474 17.1
      vertex 16.25537586938446 9.004009414350806 17.1
    endloop
  endfacet
  facet normal 0 0 -1
    outer loop
      vertex 16.25537586938446 9.004009414350806 17.1
      vertex 20.26878656832729 16.546020906725474 17.1
      vertex 16.305537208725497 9.039337015378182 17.1
    endloop
  endfacet
  facet normal 0 0 -1
    outer loop
      vertex 16.305537208725497 9.039337015378182 17.1
      vertex 20.26878656832729 16.546020906725474 17.1
      vertex 16.357371569758474 9.07216076250034 17.1
    endloop
  endfacet
  facet normal 0 0 -1
    outer loop
      vertex 16.357371569758474 9.07216076250034 17.1
      vertex 20.26878656832729 16.546020906725474 17.1
      vertex 16.410754078967503 9.102401580435444 17.1
    endloop
  endfacet
  facet normal 0 0 -1
    outer loop
      vertex 16.410754078967503 9.102401580435444 17.1
      vertex 20.26878656832729 16.546020906725474 17.1
      vertex 16.465556133212147 9.129986616404304 17.1
    endloop
  endfacet
  facet normal 0 0 -1
    outer loop
      vertex 16.465556133212147 9.129986616404304 17.1
      vertex 20.26878656832729 16.546020906725474 17.1
      vertex 16.521645709543638 9.15484941563911 17.1
    endloop
  endfacet
  facet normal 0 0 -1
    outer loop
      vertex 16.521645709543638 9.15484941563911 17.1
      vertex 20.26878656832729 16.546020906725474 17.1
      vertex 16.578887683259726 9.176930081478776 17.1
    endloop
  endfacet
  facet normal 0 0 -1
    outer loop
      vertex 16.578887683259726 9.176930081478776 17.1
      vertex 20.26878656832729 16.546020906725474 17.1
      vertex 16.637144153431922 9.196175419665261 17.1
    endloop
  endfacet
  facet normal 0 0 -1
    outer loop
      vertex 16.637144153431922 9.196175419665261 17.1
      vertex 20.26878656832729 16.546020906725474 17.1
      vertex 16.69627477512092 9.21253906649318 17.1
    endloop
  endfacet
  facet normal 0 0 -1
    outer loop
      vertex 16.69627477512092 9.21253906649318 17.1
      vertex 20.26878656832729 16.546020906725474 17.1
      vertex 16.75613709747984 9.225981600504038 17.1
    endloop
  endfacet
  facet normal 0 0 -1
    outer loop
      vertex 16.75613709747984 9.225981600504038 17.1
      vertex 20.26878656832729 16.546020906725474 17.1
      vertex 16.816586906930798 9.236470637455977 17.1
    endloop
  endfacet
  facet normal 0 0 -1
    outer loop
      vertex 16.816586906930798 9.236470637455977 17.1
      vertex 20.26878656832729 16.546020906725474 17.1
      vertex 16.87747857458805 9.243980908340246 17.1
    endloop
  endfacet
  facet normal 0 0 -1
    outer loop
      vertex 16.87747857458805 9.243980908340246 17.1
      vertex 20.26878656832729 16.546020906725474 17.1
      vertex 16.938665407090728 9.248494320256466 17.1
    endloop
  endfacet
  facet normal 0 0 -1
    outer loop
      vertex 16.938665407090728 9.248494320256466 17.1
      vertex 20.26878656832729 16.546020906725474 17.1
      vertex 17 9.25 17.1
    endloop
  endfacet
  facet normal 0 0 -1
    outer loop
      vertex 17 9.25 17.1
      vertex 20.26878656832729 16.546020906725474 17.1
      vertex 17.061334592909272 9.248494320256466 17.1
    endloop
  endfacet
  facet normal 0 0 -1
    outer loop
      vertex 17.061334592909272 9.248494320256466 17.1
      vertex 20.26878656832729 16.546020906725474 17.1
      vertex 17.12252142541195 9.243980908340246 17.1
    endloop
  endfacet
  facet normal 0 0 -1
    outer loop
      vertex 17.12252142541195 9.243980908340246 17.1
      vertex 20.26878656832729 16.546020906725474 17.1
      vertex 17.183413093069202 9.236470637455977 17.1
    endloop
  endfacet
  facet normal 0 0 -1
    outer loop
      vertex 17.183413093069202 9.236470637455977 17.1
      vertex 20.26878656832729 16.546020906725474 17.1
      vertex 17.24386290252016 9.225981600504038 17.1
    endloop
  endfacet
  facet normal 0 0 -1
    outer loop
      vertex 21 1 17.1
      vertex 18.176930081478776 8.421112316740276 17.1
      vertex 20.26878656832729 16.546020906725474 17.1
    endloop
  endfacet
  facet normal 0 0 1
    outer loop
      vertex 20.26878656832729 -0.546020906725474 18.3
      vertex 20.26878656832729 16.546020906725474 18.3
      vertex 17.5 13 18.3
    endloop
  endfacet
  facet normal 0 0 -1
    outer loop
      vertex 17.966263066703423 8.792991605204557 17.1
      vertex 20.26878656832729 16.546020906725474 17.1
      vertex 18.004009414350808 8.744624130615541 17.1
    endloop
  endfacet
  facet normal 0 0 -1
    outer loop
      vertex 18.15484941563911 8.478354290456362 17.1
      vertex 18.129986616404302 8.534443866787853 17.1
      vertex 20.26878656832729 16.546020906725474 17.1
    endloop
  endfacet
  facet normal 0 0 -1
    outer loop
      vertex 18.129986616404302 8.534443866787853 17.1
      vertex 18.102401580435444 8.589245921032497 17.1
      vertex 20.26878656832729 16.546020906725474 17.1
    endloop
  endfacet
  facet normal 0 0 -1
    outer loop
      vertex 18.176930081478776 8.421112316740276 17.1
      vertex 18.15484941563911 8.478354290456362 17.1
      vertex 20.26878656832729 16.546020906725474 17.1
    endloop
  endfacet
  facet normal 0 0 -1
    outer loop
      vertex 18.07216076250034 8.642628430241528 17.1
      vertex 18.03933701537818 8.694462791274503 17.1
      vertex 20.26878656832729 16.546020906725474 17.1
    endloop
  endfacet
  facet normal 0 0 -1
    outer loop
      vertex 18.07216076250034 8.642628430241528 17.1
      vertex 20.26878656832729 16.546020906725474 17.1
      vertex 18.102401580435444 8.589245921032497 17.1
    endloop
  endfacet
  facet normal 0 0 -1
    outer loop
      vertex 18.03933701537818 8.694462791274503 17.1
      vertex 18.004009414350808 8.744624130615541 17.1
      vertex 20.26878656832729 16.546020906725474 17.1
    endloop
  endfacet
  facet normal 0 0 -1
    outer loop
      vertex 17.30372522487908 9.21253906649318 17.1
      vertex 20.26878656832729 16.546020906725474 17.1
      vertex 17.362855846568078 9.196175419665261 17.1
    endloop
  endfacet
  facet normal 0 0 -1
    outer loop
      vertex 17.362855846568078 9.196175419665261 17.1
      vertex 20.26878656832729 16.546020906725474 17.1
      vertex 17.421112316740274 9.176930081478776 17.1
    endloop
  endfacet
  facet normal 0 0 -1
    outer loop
      vertex 17.421112316740274 9.176930081478776 17.1
      vertex 20.26878656832729 16.546020906725474 17.1
      vertex 17.478354290456362 9.15484941563911 17.1
    endloop
  endfacet
  facet normal 0 0 -1
    outer loop
      vertex 17.589245921032497 9.102401580435444 17.1
      vertex 20.26878656832729 16.546020906725474 17.1
      vertex 17.642628430241526 9.07216076250034 17.1
    endloop
  endfacet
  facet normal 0 0 -1
    outer loop
      vertex 17.478354290456362 9.15484941563911 17.1
      vertex 20.26878656832729 16.546020906725474 17.1
      vertex 17.534443866787853 9.129986616404304 17.1
    endloop
  endfacet
  facet normal 0 0 -1
    outer loop
      vertex 17.589245921032497 9.102401580435444 17.1
      vertex 17.534443866787853 9.129986616404304 17.1
      vertex 20.26878656832729 16.546020906725474 17.1
    endloop
  endfacet
  facet normal 0 0 -1
    outer loop
      vertex 17.642628430241526 9.07216076250034 17.1
      vertex 20.26878656832729 16.546020906725474 17.1
      vertex 17.694462791274503 9.039337015378182 17.1
    endloop
  endfacet
  facet normal 0 0 -1
    outer loop
      vertex 17.694462791274503 9.039337015378182 17.1
      vertex 20.26878656832729 16.546020906725474 17.1
      vertex 17.74462413061554 9.004009414350806 17.1
    endloop
  endfacet
  facet normal 0 0 -1
    outer loop
      vertex 17.24386290252016 9.225981600504038 17.1
      vertex 20.26878656832729 16.546020906725474 17.1
      vertex 17.30372522487908 9.21253906649318 17.1
    endloop
  endfacet
  facet normal 0 0 -1
    outer loop
      vertex 17.792991605204556 8.966263066703421 17.1
      vertex 20.26878656832729 16.546020906725474 17.1
      vertex 17.839448693558772 8.9261889066937 17.1
    endloop
  endfacet
  facet normal 0 0 -1
    outer loop
      vertex 17.792991605204556 8.966263066703421 17.1
      vertex 17.74462413061554 9.004009414350806 17.1
      vertex 20.26878656832729 16.546020906725474 17.1
    endloop
  endfacet
  facet normal 0 0 -1
    outer loop
      vertex 17.883883476483184 8.883883476483184 17.1
      vertex 17.839448693558772 8.9261889066937 17.1
      vertex 20.26878656832729 16.546020906725474 17.1
    endloop
  endfacet
  facet normal 0 0 -1
    outer loop
      vertex 17.9261889066937 8.839448693558772 17.1
      vertex 20.26878656832729 16.546020906725474 17.1
      vertex 17.966263066703423 8.792991605204557 17.1
    endloop
  endfacet
  facet normal 0 0 -1
    outer loop
      vertex 17.883883476483184 8.883883476483184 17.1
      vertex 20.26878656832729 16.546020906725474 17.1
      vertex 17.9261889066937 8.839448693558772 17.1
    endloop
  endfacet
  facet normal 0 0 -1
    outer loop
      vertex 21 1 17.1
      vertex 20.997590912410345 15.098135348654836 17.1
      vertex 21 15 17.1
    endloop
  endfacet
  facet normal 1 0 0
    outer loop
      vertex 21 1 17.1
      vertex 21 15 17.1
      vertex 21 15 18.3
    endloop
  endfacet
  facet normal 0 0 -1
    outer loop
      vertex 21 1 17.1
      vertex 20.26878656832729 16.546020906725474 17.1
      vertex 20.997590912410345 15.098135348654836 17.1
    endloop
  endfacet
  facet normal 0 0 1
    outer loop
      vertex 21 1 18.3
      vertex 21 15 18.3
      vertex 20.26878656832729 16.546020906725474 18.3
    endloop
  endfacet
  facet normal 0 0 -1
    outer loop
      vertex 19 17 17.1
      vertex 19.098135348654836 16.997590912410345 17.1
      vertex 19.19603428065912 16.990369453344393 17.1
    endloop
  endfacet
  facet normal 0 0 -1
    outer loop
      vertex 19 17 17.1
      vertex 19.19603428065912 16.990369453344393 17.1
      vertex 19.390180644032256 16.96157056080646 17.1
    endloop
  endfacet
  facet normal 0 0 -1
    outer loop
      vertex 19.19603428065912 16.990369453344393 17.1
      vertex 19.293460948910724 16.97835301992956 17.1
      vertex 19.390180644032256 16.96157056080646 17.1
    endloop
  endfacet
  facet normal 0 0 -1
    outer loop
      vertex 19 17 17.1
      vertex 19.390180644032256 16.96157056080646 17.1
      vertex 19.67377970678444 16.88308813036604 17.1
    endloop
  endfacet
  facet normal 0 0 -1
    outer loop
      vertex 19.390180644032256 16.96157056080646 17.1
      vertex 19.485960359806526 16.940062506389086 17.1
      vertex 19.580569354508924 16.91388067146442 17.1
    endloop
  endfacet
  facet normal 0 0 -1
    outer loop
      vertex 19.390180644032256 16.96157056080646 17.1
      vertex 19.580569354508924 16.91388067146442 17.1
      vertex 19.67377970678444 16.88308813036604 17.1
    endloop
  endfacet
  facet normal 0.024541228522907587 0.9996988186962044 0
    outer loop
      vertex 19 17 17.1
      vertex 19 17 18.3
      vertex 19.098135348654836 16.997590912410345 17.1
    endloop
  endfacet
  facet normal 0.07356456359968552 0.9972904566786889 0
    outer loop
      vertex 19.098135348654836 16.997590912410345 17.1
      vertex 19.19603428065912 16.990369453344393 18.3
      vertex 19.19603428065912 16.990369453344393 17.1
    endloop
  endfacet
  facet normal 0.12241067519921656 0.9924795345987101 0
    outer loop
      vertex 19.19603428065912 16.990369453344393 17.1
      vertex 19.19603428065912 16.990369453344393 18.3
      vertex 19.293460948910724 16.97835301992956 17.1
    endloop
  endfacet
  facet normal 0.17096188876028862 0.9852776423889434 0
    outer loop
      vertex 19.293460948910724 16.97835301992956 17.1
      vertex 19.390180644032256 16.96157056080646 18.3
      vertex 19.390180644032256 16.96157056080646 17.1
    endloop
  endfacet
  facet normal 0.2191012401568868 0.9757021300385248 0
    outer loop
      vertex 19.390180644032256 16.96157056080646 17.1
      vertex 19.390180644032256 16.96157056080646 18.3
      vertex 19.485960359806526 16.940062506389086 17.1
    endloop
  endfacet
  facet normal 0.2667127574748693 0.9637760657954478 0
    outer loop
      vertex 19.485960359806526 16.940062506389086 17.1
      vertex 19.580569354508924 16.91388067146442 18.3
      vertex 19.580569354508924 16.91388067146442 17.1
    endloop
  endfacet
  facet normal 0 0 -1
    outer loop
      vertex 20.997590912410345 15.098135348654836 17.1
      vertex 20.97835301992956 15.293460948910724 17.1
      vertex 20.990369453344393 15.19603428065912 17.1
    endloop
  endfacet
  facet normal 0 0 -1
    outer loop
      vertex 20.997590912410345 15.098135348654836 17.1
      vertex 20.940062506389086 15.485960359806526 17.1
      vertex 20.97835301992956 15.293460948910724 17.1
    endloop
  endfacet
  facet normal 0.9996988186962044 0.024541228522907587 0
    outer loop
      vertex 21 15 17.1
      vertex 20.997590912410345 15.098135348654836 17.1
      vertex 21 15 18.3
    endloop
  endfacet
  facet normal 0.9972904566786889 0.07356456359968552 0
    outer loop
      vertex 20.997590912410345 15.098135348654836 17.1
      vertex 20.990369453344393 15.19603428065912 17.1
      vertex 20.990369453344393 15.19603428065912 18.3
    endloop
  endfacet
  facet normal 0.9924795345987101 0.12241067519921656 0
    outer loop
      vertex 20.990369453344393 15.19603428065912 17.1
      vertex 20.97835301992956 15.293460948910724 17.1
      vertex 20.990369453344393 15.19603428065912 18.3
    endloop
  endfacet
  facet normal 0 0 -1
    outer loop
      vertex 20.97835301992956 15.293460948910724 17.1
      vertex 20.940062506389086 15.485960359806526 17.1
      vertex 20.96157056080646 15.390180644032256 17.1
    endloop
  endfacet
  facet normal 0 0 -1
    outer loop
      vertex 20.997590912410345 15.098135348654836 17.1
      vertex 20.76384252869671 15.942793473651996 17.1
      vertex 20.940062506389086 15.485960359806526 17.1
    endloop
  endfacet
  facet normal 0 0 -1
    outer loop
      vertex 20.91388067146442 15.580569354508924 17.1
      vertex 20.940062506389086 15.485960359806526 17.1
      vertex 20.88308813036604 15.67377970678444 17.1
    endloop
  endfacet
  facet normal 0 0 -1
    outer loop
      vertex 20.997590912410345 15.098135348654836 17.1
      vertex 20.26878656832729 16.546020906725474 17.1
      vertex 20.76384252869671 15.942793473651996 17.1
    endloop
  endfacet
  facet normal 0 0 -1
    outer loop
      vertex 20.807978586246886 15.855110186860564 17.1
      vertex 20.88308813036604 15.67377970678444 17.1
      vertex 20.76384252869671 15.942793473651996 17.1
    endloop
  endfacet
  facet normal 0 0 -1
    outer loop
      vertex 20.940062506389086 15.485960359806526 17.1
      vertex 20.76384252869671 15.942793473651996 17.1
      vertex 20.88308813036604 15.67377970678444 17.1
    endloop
  endfacet
  facet normal 0 0 -1
    outer loop
      vertex 20.807978586246886 15.855110186860564 17.1
      vertex 20.847759065022572 15.76536686473018 17.1
      vertex 20.88308813036604 15.67377970678444 17.1
    endloop
  endfacet
  facet normal 0.9852776423889434 0.17096188876028862 0
    outer loop
      vertex 20.97835301992956 15.293460948910724 17.1
      vertex 20.96157056080646 15.390180644032256 17.1
      vertex 20.97835301992956 15.293460948910724 18.3
    endloop
  endfacet
  facet normal 0.9757021300385248 0.2191012401568868 0
    outer loop
      vertex 20.96157056080646 15.390180644032256 17.1
      vertex 20.940062506389086 15.485960359806526 17.1
      vertex 20.940062506389086 15.485960359806526 18.3
    endloop
  endfacet
  facet normal 0.9637760657954478 0.2667127574748693 0
    outer loop
      vertex 20.91388067146442 15.580569354508924 17.1
      vertex 20.940062506389086 15.485960359806526 18.3
      vertex 20.940062506389086 15.485960359806526 17.1
    endloop
  endfacet
  facet normal 0.9495281805930306 0.3136817403989097 0
    outer loop
      vertex 20.91388067146442 15.580569354508924 17.1
      vertex 20.88308813036604 15.67377970678444 17.1
      vertex 20.91388067146442 15.580569354508924 18.3
    endloop
  endfacet
  facet normal 0.932992798834737 0.3598950365349931 0
    outer loop
      vertex 20.88308813036604 15.67377970678444 17.1
      vertex 20.847759065022572 15.76536686473018 17.1
      vertex 20.847759065022572 15.76536686473018 18.3
    endloop
  endfacet
  facet normal 0.9142097557035338 0.40524131400498264 0
    outer loop
      vertex 20.807978586246886 15.855110186860564 17.1
      vertex 20.847759065022572 15.76536686473018 18.3
      vertex 20.847759065022572 15.76536686473018 17.1
    endloop
  endfacet
  facet normal 0 0 -1
    outer loop
      vertex 19 17 17.1
      vertex 19.67377970678444 16.88308813036604 17.1
      vertex 20.26878656832729 16.546020906725474 17.1
    endloop
  endfacet
  facet normal 0 0 -1
    outer loop
      vertex 19.76536686473018 16.847759065022572 17.1
      vertex 19.855110186860564 16.807978586246886 17.1
      vertex 19.67377970678444 16.88308813036604 17.1
    endloop
  endfacet
  facet normal 0 0 -1
    outer loop
      vertex 19.67377970678444 16.88308813036604 17.1
      vertex 19.855110186860564 16.807978586246886 17.1
      vertex 20.028205488386444 16.715457220000545 17.1
    endloop
  endfacet
  facet normal 0 0 -1
    outer loop
      vertex 19.855110186860564 16.807978586246886 17.1
      vertex 19.942793473651996 16.76384252869671 17.1
      vertex 20.028205488386444 16.715457220000545 17.1
    endloop
  endfacet
  facet normal 0 0 -1
    outer loop
      vertex 19.67377970678444 16.88308813036604 17.1
      vertex 20.028205488386444 16.715457220000545 17.1
      vertex 20.26878656832729 16.546020906725474 17.1
    endloop
  endfacet
  facet normal 0 0 -1
    outer loop
      vertex 20.028205488386444 16.715457220000545 17.1
      vertex 20.111140466039203 16.66293922460509 17.1
      vertex 20.191398608984866 16.60641506296129 17.1
    endloop
  endfacet
  facet normal 0 0 -1
    outer loop
      vertex 20.028205488386444 16.715457220000545 17.1
      vertex 20.191398608984866 16.60641506296129 17.1
      vertex 20.26878656832729 16.546020906725474 17.1
    endloop
  endfacet
  facet normal 0.3136817403989097 0.9495281805930306 0
    outer loop
      vertex 19.580569354508924 16.91388067146442 17.1
      vertex 19.67377970678444 16.88308813036604 18.3
      vertex 19.67377970678444 16.88308813036604 17.1
    endloop
  endfacet
  facet normal 0.3598950365349931 0.932992798834737 0
    outer loop
      vertex 19.76536686473018 16.847759065022572 17.1
      vertex 19.67377970678444 16.88308813036604 17.1
      vertex 19.67377970678444 16.88308813036604 18.3
    endloop
  endfacet
  facet normal 0.40524131400498264 0.9142097557035338 0
    outer loop
      vertex 19.76536686473018 16.847759065022572 17.1
      vertex 19.855110186860564 16.807978586246886 18.3
      vertex 19.855110186860564 16.807978586246886 17.1
    endloop
  endfacet
  facet normal 0.4496113296546005 0.8932243011955184 0
    outer loop
      vertex 19.855110186860564 16.807978586246886 17.1
      vertex 19.855110186860564 16.807978586246886 18.3
      vertex 19.942793473651996 16.76384252869671 17.1
    endloop
  endfacet
  facet normal 0.5349976198871171 0.8448535652496945 0
    outer loop
      vertex 20.028205488386444 16.715457220000545 17.1
      vertex 20.028205488386444 16.715457220000545 18.3
      vertex 20.111140466039203 16.66293922460509 17.1
    endloop
  endfacet
  facet normal 0.6152315905806282 0.7883464276266052 0
    outer loop
      vertex 20.26878656832729 16.546020906725474 17.1
      vertex 20.191398608984866 16.60641506296129 17.1
      vertex 20.26878656832729 16.546020906725474 18.3
    endloop
  endfacet
  facet normal 0.6531728429537671 0.7572088465064929 0
    outer loop
      vertex 20.26878656832729 16.546020906725474 17.1
      vertex 20.26878656832729 16.546020906725474 18.3
      vertex 20.343117909694037 16.48190225070992 17.1
    endloop
  endfacet
  facet normal 0.5758081914178381 0.8175848131515888 0
    outer loop
      vertex 20.111140466039203 16.66293922460509 17.1
      vertex 20.191398608984866 16.60641506296129 18.3
      vertex 20.191398608984866 16.60641506296129 17.1
    endloop
  endfacet
  facet normal 0.4928981922297785 0.8700869911087146 0
    outer loop
      vertex 19.942793473651996 16.76384252869671 17.1
      vertex 20.028205488386444 16.715457220000545 18.3
      vertex 20.028205488386444 16.715457220000545 17.1
    endloop
  endfacet
  facet normal 0 0 -1
    outer loop
      vertex 20.48190225070992 16.343117909694037 17.1
      vertex 20.546020906725474 16.26878656832729 17.1
      vertex 20.414213562373096 16.414213562373096 17.1
    endloop
  endfacet
  facet normal 0 0 -1
    outer loop
      vertex 20.26878656832729 16.546020906725474 17.1
      vertex 20.414213562373096 16.414213562373096 17.1
      vertex 20.546020906725474 16.26878656832729 17.1
    endloop
  endfacet
  facet normal 0 0 -1
    outer loop
      vertex 20.26878656832729 16.546020906725474 17.1
      vertex 20.546020906725474 16.26878656832729 17.1
      vertex 20.76384252869671 15.942793473651996 17.1
    endloop
  endfacet
  facet normal 0 0 -1
    outer loop
      vertex 20.546020906725474 16.26878656832729 17.1
      vertex 20.60641506296129 16.191398608984866 17.1
      vertex 20.66293922460509 16.111140466039203 17.1
    endloop
  endfacet
  facet normal 0 0 -1
    outer loop
      vertex 20.76384252869671 15.942793473651996 17.1
      vertex 20.66293922460509 16.111140466039203 17.1
      vertex 20.715457220000545 16.028205488386444 17.1
    endloop
  endfacet
  facet normal 0 0 -1
    outer loop
      vertex 20.546020906725474 16.26878656832729 17.1
      vertex 20.66293922460509 16.111140466039203 17.1
      vertex 20.76384252869671 15.942793473651996 17.1
    endloop
  endfacet
  facet normal 0.7242470829514729 0.6895405447370607 0
    outer loop
      vertex 20.48190225070992 16.343117909694037 17.1
      vertex 20.414213562373096 16.414213562373096 17.1
      vertex 20.414213562373096 16.414213562373096 18.3
    endloop
  endfacet
  facet normal 0.7883464276266052 0.6152315905806282 0
    outer loop
      vertex 20.546020906725474 16.26878656832729 17.1
      vertex 20.60641506296129 16.191398608984866 18.3
      vertex 20.60641506296129 16.191398608984866 17.1
    endloop
  endfacet
  facet normal 0.8175848131515888 0.5758081914178381 0
    outer loop
      vertex 20.60641506296129 16.191398608984866 17.1
      vertex 20.60641506296129 16.191398608984866 18.3
      vertex 20.66293922460509 16.111140466039203 17.1
    endloop
  endfacet
  facet normal 0.7572088465064929 0.6531728429537671 0
    outer loop
      vertex 20.48190225070992 16.343117909694037 17.1
      vertex 20.48190225070992 16.343117909694037 18.3
      vertex 20.546020906725474 16.26878656832729 17.1
    endloop
  endfacet
  facet normal 0.8932243011955184 0.4496113296546005 0
    outer loop
      vertex 20.807978586246886 15.855110186860564 17.1
      vertex 20.76384252869671 15.942793473651996 17.1
      vertex 20.807978586246886 15.855110186860564 18.3
    endloop
  endfacet
  facet normal 0.8700869911087146 0.4928981922297785 0
    outer loop
      vertex 20.76384252869671 15.942793473651996 17.1
      vertex 20.715457220000545 16.028205488386444 17.1
      vertex 20.76384252869671 15.942793473651996 18.3
    endloop
  endfacet
  facet normal 0.8448535652496945 0.5349976198871171 0
    outer loop
      vertex 20.715457220000545 16.028205488386444 17.1
      vertex 20.66293922460509 16.111140466039203 17.1
      vertex 20.66293922460509 16.111140466039203 18.3
    endloop
  endfacet
  facet normal 0 0 -1
    outer loop
      vertex 20.26878656832729 16.546020906725474 17.1
      vertex 20.343117909694037 16.48190225070992 17.1
      vertex 20.414213562373096 16.414213562373096 17.1
    endloop
  endfacet
  facet normal 0.6895405447370607 0.7242470829514729 0
    outer loop
      vertex 20.414213562373096 16.414213562373096 17.1
      vertex 20.343117909694037 16.48190225070992 17.1
      vertex 20.343117909694037 16.48190225070992 18.3
    endloop
  endfacet
  facet normal 0.024541228522907587 0.9996988186962044 0
    outer loop
      vertex 19.098135348654836 16.997590912410345 17.1
      vertex 19 17 18.3
      vertex 19.098135348654836 16.997590912410345 18.3
    endloop
  endfacet
  facet normal 0.07356456359968552 0.9972904566786889 0
    outer loop
      vertex 19.098135348654836 16.997590912410345 17.1
      vertex 19.098135348654836 16.997590912410345 18.3
      vertex 19.19603428065912 16.990369453344393 18.3
    endloop
  endfacet
  facet normal 0.12241067519921656 0.9924795345987101 0
    outer loop
      vertex 19.293460948910724 16.97835301992956 17.1
      vertex 19.19603428065912 16.990369453344393 18.3
      vertex 19.293460948910724 16.97835301992956 18.3
    endloop
  endfacet
  facet normal 0.17096188876028862 0.9852776423889434 0
    outer loop
      vertex 19.293460948910724 16.97835301992956 17.1
      vertex 19.293460948910724 16.97835301992956 18.3
      vertex 19.390180644032256 16.96157056080646 18.3
    endloop
  endfacet
  facet normal 0.2191012401568868 0.9757021300385248 0
    outer loop
      vertex 19.485960359806526 16.940062506389086 17.1
      vertex 19.390180644032256 16.96157056080646 18.3
      vertex 19.485960359806526 16.940062506389086 18.3
    endloop
  endfacet
  facet normal 0.2667127574748693 0.9637760657954478 0
    outer loop
      vertex 19.485960359806526 16.940062506389086 17.1
      vertex 19.485960359806526 16.940062506389086 18.3
      vertex 19.580569354508924 16.91388067146442 18.3
    endloop
  endfacet
  facet normal 0.3136817403989097 0.9495281805930306 0
    outer loop
      vertex 19.580569354508924 16.91388067146442 17.1
      vertex 19.580569354508924 16.91388067146442 18.3
      vertex 19.67377970678444 16.88308813036604 18.3
    endloop
  endfacet
  facet normal 0 0 1
    outer loop
      vertex 19 17 18.3
      vertex 19.19603428065912 16.990369453344393 18.3
      vertex 19.098135348654836 16.997590912410345 18.3
    endloop
  endfacet
  facet normal 0 0 1
    outer loop
      vertex 19 17 18.3
      vertex 19.390180644032256 16.96157056080646 18.3
      vertex 19.19603428065912 16.990369453344393 18.3
    endloop
  endfacet
  facet normal 0 0 1
    outer loop
      vertex 19.19603428065912 16.990369453344393 18.3
      vertex 19.390180644032256 16.96157056080646 18.3
      vertex 19.293460948910724 16.97835301992956 18.3
    endloop
  endfacet
  facet normal 0 0 1
    outer loop
      vertex 19 17 18.3
      vertex 19.67377970678444 16.88308813036604 18.3
      vertex 19.390180644032256 16.96157056080646 18.3
    endloop
  endfacet
  facet normal 0 0 1
    outer loop
      vertex 19.390180644032256 16.96157056080646 18.3
      vertex 19.580569354508924 16.91388067146442 18.3
      vertex 19.485960359806526 16.940062506389086 18.3
    endloop
  endfacet
  facet normal 0 0 1
    outer loop
      vertex 19.390180644032256 16.96157056080646 18.3
      vertex 19.67377970678444 16.88308813036604 18.3
      vertex 19.580569354508924 16.91388067146442 18.3
    endloop
  endfacet
  facet normal 0.9996988186962044 0.024541228522907587 0
    outer loop
      vertex 20.997590912410345 15.098135348654836 17.1
      vertex 20.997590912410345 15.098135348654836 18.3
      vertex 21 15 18.3
    endloop
  endfacet
  facet normal 0.9972904566786889 0.07356456359968552 0
    outer loop
      vertex 20.997590912410345 15.098135348654836 17.1
      vertex 20.990369453344393 15.19603428065912 18.3
      vertex 20.997590912410345 15.098135348654836 18.3
    endloop
  endfacet
  facet normal 0.9924795345987101 0.12241067519921656 0
    outer loop
      vertex 20.97835301992956 15.293460948910724 17.1
      vertex 20.97835301992956 15.293460948910724 18.3
      vertex 20.990369453344393 15.19603428065912 18.3
    endloop
  endfacet
  facet normal 0.9852776423889434 0.17096188876028862 0
    outer loop
      vertex 20.96157056080646 15.390180644032256 17.1
      vertex 20.96157056080646 15.390180644032256 18.3
      vertex 20.97835301992956 15.293460948910724 18.3
    endloop
  endfacet
  facet normal 0.9757021300385248 0.2191012401568868 0
    outer loop
      vertex 20.96157056080646 15.390180644032256 17.1
      vertex 20.940062506389086 15.485960359806526 18.3
      vertex 20.96157056080646 15.390180644032256 18.3
    endloop
  endfacet
  facet normal 0.9637760657954478 0.2667127574748693 0
    outer loop
      vertex 20.91388067146442 15.580569354508924 17.1
      vertex 20.91388067146442 15.580569354508924 18.3
      vertex 20.940062506389086 15.485960359806526 18.3
    endloop
  endfacet
  facet normal 0.9142097557035338 0.40524131400498264 0
    outer loop
      vertex 20.807978586246886 15.855110186860564 17.1
      vertex 20.807978586246886 15.855110186860564 18.3
      vertex 20.847759065022572 15.76536686473018 18.3
    endloop
  endfacet
  facet normal 0.9495281805930306 0.3136817403989097 0
    outer loop
      vertex 20.88308813036604 15.67377970678444 17.1
      vertex 20.88308813036604 15.67377970678444 18.3
      vertex 20.91388067146442 15.580569354508924 18.3
    endloop
  endfacet
  facet normal 0.932992798834737 0.3598950365349931 0
    outer loop
      vertex 20.88308813036604 15.67377970678444 17.1
      vertex 20.847759065022572 15.76536686473018 18.3
      vertex 20.88308813036604 15.67377970678444 18.3
    endloop
  endfacet
  facet normal 0 0 1
    outer loop
      vertex 21 15 18.3
      vertex 20.997590912410345 15.098135348654836 18.3
      vertex 20.990369453344393 15.19603428065912 18.3
    endloop
  endfacet
  facet normal 0 0 1
    outer loop
      vertex 21 15 18.3
      vertex 20.990369453344393 15.19603428065912 18.3
      vertex 20.940062506389086 15.485960359806526 18.3
    endloop
  endfacet
  facet normal 0 0 1
    outer loop
      vertex 20.990369453344393 15.19603428065912 18.3
      vertex 20.97835301992956 15.293460948910724 18.3
      vertex 20.940062506389086 15.485960359806526 18.3
    endloop
  endfacet
  facet normal 0 0 1
    outer loop
      vertex 20.97835301992956 15.293460948910724 18.3
      vertex 20.96157056080646 15.390180644032256 18.3
      vertex 20.940062506389086 15.485960359806526 18.3
    endloop
  endfacet
  facet normal 0 0 1
    outer loop
      vertex 20.91388067146442 15.580569354508924 18.3
      vertex 20.88308813036604 15.67377970678444 18.3
      vertex 20.940062506389086 15.485960359806526 18.3
    endloop
  endfacet
  facet normal 0 0 1
    outer loop
      vertex 21 15 18.3
      vertex 20.940062506389086 15.485960359806526 18.3
      vertex 20.26878656832729 16.546020906725474 18.3
    endloop
  endfacet
  facet normal 0 0 1
    outer loop
      vertex 20.940062506389086 15.485960359806526 18.3
      vertex 20.807978586246886 15.855110186860564 18.3
      vertex 20.60641506296129 16.191398608984866 18.3
    endloop
  endfacet
  facet normal 0 0 1
    outer loop
      vertex 20.940062506389086 15.485960359806526 18.3
      vertex 20.88308813036604 15.67377970678444 18.3
      vertex 20.807978586246886 15.855110186860564 18.3
    endloop
  endfacet
  facet normal 0 0 1
    outer loop
      vertex 20.807978586246886 15.855110186860564 18.3
      vertex 20.88308813036604 15.67377970678444 18.3
      vertex 20.847759065022572 15.76536686473018 18.3
    endloop
  endfacet
  facet normal 0.40524131400498264 0.9142097557035338 0
    outer loop
      vertex 19.76536686473018 16.847759065022572 17.1
      vertex 19.76536686473018 16.847759065022572 18.3
      vertex 19.855110186860564 16.807978586246886 18.3
    endloop
  endfacet
  facet normal 0.3598950365349931 0.932992798834737 0
    outer loop
      vertex 19.76536686473018 16.847759065022572 17.1
      vertex 19.67377970678444 16.88308813036604 18.3
      vertex 19.76536686473018 16.847759065022572 18.3
    endloop
  endfacet
  facet normal 0.4496113296546005 0.8932243011955184 0
    outer loop
      vertex 19.942793473651996 16.76384252869671 17.1
      vertex 19.855110186860564 16.807978586246886 18.3
      vertex 19.942793473651996 16.76384252869671 18.3
    endloop
  endfacet
  facet normal 0.5758081914178381 0.8175848131515888 0
    outer loop
      vertex 20.111140466039203 16.66293922460509 17.1
      vertex 20.111140466039203 16.66293922460509 18.3
      vertex 20.191398608984866 16.60641506296129 18.3
    endloop
  endfacet
  facet normal 0.5349976198871171 0.8448535652496945 0
    outer loop
      vertex 20.111140466039203 16.66293922460509 17.1
      vertex 20.028205488386444 16.715457220000545 18.3
      vertex 20.111140466039203 16.66293922460509 18.3
    endloop
  endfacet
  facet normal 0.6152315905806282 0.7883464276266052 0
    outer loop
      vertex 20.191398608984866 16.60641506296129 17.1
      vertex 20.191398608984866 16.60641506296129 18.3
      vertex 20.26878656832729 16.546020906725474 18.3
    endloop
  endfacet
  facet normal 0.4928981922297785 0.8700869911087146 0
    outer loop
      vertex 19.942793473651996 16.76384252869671 17.1
      vertex 19.942793473651996 16.76384252869671 18.3
      vertex 20.028205488386444 16.715457220000545 18.3
    endloop
  endfacet
  facet normal 0.8175848131515888 0.5758081914178381 0
    outer loop
      vertex 20.66293922460509 16.111140466039203 17.1
      vertex 20.60641506296129 16.191398608984866 18.3
      vertex 20.66293922460509 16.111140466039203 18.3
    endloop
  endfacet
  facet normal 0.6895405447370607 0.7242470829514729 0
    outer loop
      vertex 20.414213562373096 16.414213562373096 17.1
      vertex 20.343117909694037 16.48190225070992 18.3
      vertex 20.414213562373096 16.414213562373096 18.3
    endloop
  endfacet
  facet normal 0.7242470829514729 0.6895405447370607 0
    outer loop
      vertex 20.48190225070992 16.343117909694037 17.1
      vertex 20.414213562373096 16.414213562373096 18.3
      vertex 20.48190225070992 16.343117909694037 18.3
    endloop
  endfacet
  facet normal 0.7572088465064929 0.6531728429537671 0
    outer loop
      vertex 20.546020906725474 16.26878656832729 17.1
      vertex 20.48190225070992 16.343117909694037 18.3
      vertex 20.546020906725474 16.26878656832729 18.3
    endloop
  endfacet
  facet normal 0.7883464276266052 0.6152315905806282 0
    outer loop
      vertex 20.546020906725474 16.26878656832729 17.1
      vertex 20.546020906725474 16.26878656832729 18.3
      vertex 20.60641506296129 16.191398608984866 18.3
    endloop
  endfacet
  facet normal 0.8700869911087146 0.4928981922297785 0
    outer loop
      vertex 20.715457220000545 16.028205488386444 17.1
      vertex 20.715457220000545 16.028205488386444 18.3
      vertex 20.76384252869671 15.942793473651996 18.3
    endloop
  endfacet
  facet normal 0.8932243011955184 0.4496113296546005 0
    outer loop
      vertex 20.76384252869671 15.942793473651996 17.1
      vertex 20.76384252869671 15.942793473651996 18.3
      vertex 20.807978586246886 15.855110186860564 18.3
    endloop
  endfacet
  facet normal 0.8448535652496945 0.5349976198871171 0
    outer loop
      vertex 20.715457220000545 16.028205488386444 17.1
      vertex 20.66293922460509 16.111140466039203 18.3
      vertex 20.715457220000545 16.028205488386444 18.3
    endloop
  endfacet
  facet normal 0.6531728429537671 0.7572088465064929 0
    outer loop
      vertex 20.343117909694037 16.48190225070992 17.1
      vertex 20.26878656832729 16.546020906725474 18.3
      vertex 20.343117909694037 16.48190225070992 18.3
    endloop
  endfacet
  facet normal 0 0 1
    outer loop
      vertex 19 17 18.3
      vertex 20.26878656832729 16.546020906725474 18.3
      vertex 19.67377970678444 16.88308813036604 18.3
    endloop
  endfacet
  facet normal 0 0 1
    outer loop
      vertex 19.76536686473018 16.847759065022572 18.3
      vertex 19.67377970678444 16.88308813036604 18.3
      vertex 19.855110186860564 16.807978586246886 18.3
    endloop
  endfacet
  facet normal 0 0 1
    outer loop
      vertex 19.67377970678444 16.88308813036604 18.3
      vertex 20.028205488386444 16.715457220000545 18.3
      vertex 19.855110186860564 16.807978586246886 18.3
    endloop
  endfacet
  facet normal 0 0 1
    outer loop
      vertex 19.855110186860564 16.807978586246886 18.3
      vertex 20.028205488386444 16.715457220000545 18.3
      vertex 19.942793473651996 16.76384252869671 18.3
    endloop
  endfacet
  facet normal 0 0 1
    outer loop
      vertex 19.67377970678444 16.88308813036604 18.3
      vertex 20.26878656832729 16.546020906725474 18.3
      vertex 20.028205488386444 16.715457220000545 18.3
    endloop
  endfacet
  facet normal 0 0 1
    outer loop
      vertex 20.028205488386444 16.715457220000545 18.3
      vertex 20.191398608984866 16.60641506296129 18.3
      vertex 20.111140466039203 16.66293922460509 18.3
    endloop
  endfacet
  facet normal 0 0 1
    outer loop
      vertex 20.028205488386444 16.715457220000545 18.3
      vertex 20.26878656832729 16.546020906725474 18.3
      vertex 20.191398608984866 16.60641506296129 18.3
    endloop
  endfacet
  facet normal 0 0 1
    outer loop
      vertex 20.940062506389086 15.485960359806526 18.3
      vertex 20.60641506296129 16.191398608984866 18.3
      vertex 20.26878656832729 16.546020906725474 18.3
    endloop
  endfacet
  facet normal 0 0 1
    outer loop
      vertex 20.48190225070992 16.343117909694037 18.3
      vertex 20.343117909694037 16.48190225070992 18.3
      vertex 20.60641506296129 16.191398608984866 18.3
    endloop
  endfacet
  facet normal 0 0 1
    outer loop
      vertex 20.26878656832729 16.546020906725474 18.3
      vertex 20.60641506296129 16.191398608984866 18.3
      vertex 20.343117909694037 16.48190225070992 18.3
    endloop
  endfacet
  facet normal 0 0 1
    outer loop
      vertex 20.48190225070992 16.343117909694037 18.3
      vertex 20.414213562373096 16.414213562373096 18.3
      vertex 20.343117909694037 16.48190225070992 18.3
    endloop
  endfacet
  facet normal 0 0 1
    outer loop
      vertex 20.48190225070992 16.343117909694037 18.3
      vertex 20.60641506296129 16.191398608984866 18.3
      vertex 20.546020906725474 16.26878656832729 18.3
    endloop
  endfacet
  facet normal 0 0 1
    outer loop
      vertex 20.807978586246886 15.855110186860564 18.3
      vertex 20.76384252869671 15.942793473651996 18.3
      vertex 20.60641506296129 16.191398608984866 18.3
    endloop
  endfacet
  facet normal 0 0 1
    outer loop
      vertex 20.60641506296129 16.191398608984866 18.3
      vertex 20.76384252869671 15.942793473651996 18.3
      vertex 20.66293922460509 16.111140466039203 18.3
    endloop
  endfacet
  facet normal 0 0 1
    outer loop
      vertex 20.76384252869671 15.942793473651996 18.3
      vertex 20.715457220000545 16.028205488386444 18.3
      vertex 20.66293922460509 16.111140466039203 18.3
    endloop
  endfacet
  facet normal -1 0 0
    outer loop
      vertex 2.5 3 21.3
      vertex 2.5 13 21.3
      vertex 2.5 3 18.3
    endloop
  endfacet
  facet normal 0 -1 0
    outer loop
      vertex 2.5 3 21.3
      vertex 2.5 3 18.3
      vertex 17.5 3 21.3
    endloop
  endfacet
  facet normal -1 0 0
    outer loop
      vertex 2.5 3 18.3
      vertex 2.5 13 21.3
      vertex 2.5 13 18.3
    endloop
  endfacet
  facet normal 0 1 0
    outer loop
      vertex 17.5 13 18.3
      vertex 2.5 13 18.3
      vertex 2.5 13 21.3
    endloop
  endfacet
  facet normal 0 -1 0
    outer loop
      vertex 2.5 3 18.3
      vertex 17.5 3 18.3
      vertex 17.5 3 21.3
    endloop
  endfacet
  facet normal 1 0 0
    outer loop
      vertex 17.5 3 18.3
      vertex 17.5 13 18.3
      vertex 17.5 3 21.3
    endloop
  endfacet
  facet normal 0 1 0
    outer loop
      vertex 2.5 13 21.3
      vertex 17.5 13 21.3
      vertex 17.5 13 18.3
    endloop
  endfacet
  facet normal 1 0 0
    outer loop
      vertex 17.5 13 21.3
      vertex 17.5 3 21.3
      vertex 17.5 13 18.3
    endloop
  endfacet
  facet normal -0.40524131400498603 -0.9142097557035322 0
    outer loop
      vertex 16.465556133212147 6.870013383595696 16.650000000000002
      vertex 16.521645709543638 6.8451505843608915 16.650000000000002
      vertex 16.521645709543638 6.8451505843608915 17.1
    endloop
  endfacet
  facet normal -0.3598950365349834 -0.9329927988347406 0
    outer loop
      vertex 16.521645709543638 6.8451505843608915 16.650000000000002
      vertex 16.578887683259726 6.823069918521224 16.650000000000002
      vertex 16.578887683259726 6.823069918521224 17.1
    endloop
  endfacet
  facet normal -0.26671275747491036 -0.9637760657954366 0
    outer loop
      vertex 16.637144153431922 6.803824580334739 16.650000000000002
      vertex 16.69627477512092 6.78746093350682 16.650000000000002
      vertex 16.69627477512092 6.78746093350682 17.1
    endloop
  endfacet
  facet normal -0.3136817403988901 -0.9495281805930371 0
    outer loop
      vertex 16.578887683259726 6.823069918521224 16.650000000000002
      vertex 16.637144153431922 6.803824580334739 16.650000000000002
      vertex 16.637144153431922 6.803824580334739 17.1
    endloop
  endfacet
  facet normal -0.21910124015686683 -0.9757021300385292 0
    outer loop
      vertex 16.69627477512092 6.78746093350682 16.650000000000002
      vertex 16.75613709747984 6.7740183994959615 16.650000000000002
      vertex 16.75613709747984 6.7740183994959615 17.1
    endloop
  endfacet
  facet normal -0.17096188876030144 -0.9852776423889412 0
    outer loop
      vertex 16.75613709747984 6.7740183994959615 16.650000000000002
      vertex 16.816586906930798 6.763529362544023 16.650000000000002
      vertex 16.816586906930798 6.763529362544023 17.1
    endloop
  endfacet
  facet normal -0.12241067519921028 -0.9924795345987106 0
    outer loop
      vertex 16.816586906930798 6.763529362544023 16.650000000000002
      vertex 16.87747857458805 6.756019091659754 16.650000000000002
      vertex 16.87747857458805 6.756019091659754 17.1
    endloop
  endfacet
  facet normal -0.40524131400498603 -0.9142097557035322 0
    outer loop
      vertex 16.465556133212147 6.870013383595696 16.650000000000002
      vertex 16.521645709543638 6.8451505843608915 17.1
      vertex 16.465556133212147 6.870013383595696 17.1
    endloop
  endfacet
  facet normal -0.3598950365349834 -0.9329927988347406 0
    outer loop
      vertex 16.521645709543638 6.8451505843608915 16.650000000000002
      vertex 16.578887683259726 6.823069918521224 17.1
      vertex 16.521645709543638 6.8451505843608915 17.1
    endloop
  endfacet
  facet normal -0.3136817403988901 -0.9495281805930371 0
    outer loop
      vertex 16.578887683259726 6.823069918521224 16.650000000000002
      vertex 16.637144153431922 6.803824580334739 17.1
      vertex 16.578887683259726 6.823069918521224 17.1
    endloop
  endfacet
  facet normal -0.26671275747491036 -0.9637760657954366 0
    outer loop
      vertex 16.637144153431922 6.803824580334739 16.650000000000002
      vertex 16.69627477512092 6.78746093350682 17.1
      vertex 16.637144153431922 6.803824580334739 17.1
    endloop
  endfacet
  facet normal -0.21910124015686683 -0.9757021300385292 0
    outer loop
      vertex 16.69627477512092 6.78746093350682 16.650000000000002
      vertex 16.75613709747984 6.7740183994959615 17.1
      vertex 16.69627477512092 6.78746093350682 17.1
    endloop
  endfacet
  facet normal -0.17096188876030144 -0.9852776423889412 0
    outer loop
      vertex 16.75613709747984 6.7740183994959615 16.650000000000002
      vertex 16.816586906930798 6.763529362544023 17.1
      vertex 16.75613709747984 6.7740183994959615 17.1
    endloop
  endfacet
  facet normal -0.12241067519921028 -0.9924795345987106 0
    outer loop
      vertex 16.816586906930798 6.763529362544023 16.650000000000002
      vertex 16.87747857458805 6.756019091659754 17.1
      vertex 16.816586906930798 6.763529362544023 17.1
    endloop
  endfacet
  facet normal -0.724247082951462 -0.6895405447370719 0
    outer loop
      vertex 16.116116523516816 7.116116523516816 16.650000000000002
      vertex 16.0738110933063 7.160551306441227 17.1
      vertex 16.0738110933063 7.160551306441227 16.650000000000002
    endloop
  endfacet
  facet normal -0.6895405447370572 -0.7242470829514763 0
    outer loop
      vertex 16.160551306441228 7.073811093306301 16.650000000000002
      vertex 16.160551306441228 7.073811093306301 17.1
      vertex 16.116116523516816 7.116116523516816 16.650000000000002
    endloop
  endfacet
  facet normal -0.8175848131515795 -0.5758081914178511 0
    outer loop
      vertex 15.995990585649194 7.2553758693844586 16.650000000000002
      vertex 15.960662984621818 7.3055372087254975 17.1
      vertex 15.960662984621818 7.3055372087254975 16.650000000000002
    endloop
  endfacet
  facet normal -0.7883464276266247 -0.6152315905806032 0
    outer loop
      vertex 15.995990585649194 7.2553758693844586 16.650000000000002
      vertex 16.033736933296577 7.207008394795443 16.650000000000002
      vertex 15.995990585649194 7.2553758693844586 17.1
    endloop
  endfacet
  facet normal -0.8700869911087098 -0.49289819222978715 0
    outer loop
      vertex 15.92783923749966 7.357371569758473 16.650000000000002
      vertex 15.897598419564556 7.410754078967503 17.1
      vertex 15.897598419564556 7.410754078967503 16.650000000000002
    endloop
  endfacet
  facet normal -0.8448535652497072 -0.5349976198870969 0
    outer loop
      vertex 15.92783923749966 7.357371569758473 16.650000000000002
      vertex 15.960662984621818 7.3055372087254975 16.650000000000002
      vertex 15.92783923749966 7.357371569758473 17.1
    endloop
  endfacet
  facet normal -0.7572088465064728 -0.6531728429537904 0
    outer loop
      vertex 16.033736933296577 7.207008394795443 16.650000000000002
      vertex 16.0738110933063 7.160551306441227 16.650000000000002
      vertex 16.033736933296577 7.207008394795443 17.1
    endloop
  endfacet
  facet normal -0.6531728429537749 -0.7572088465064862 0
    outer loop
      vertex 16.160551306441228 7.073811093306301 16.650000000000002
      vertex 16.207008394795444 7.033736933296579 17.1
      vertex 16.160551306441228 7.073811093306301 17.1
    endloop
  endfacet
  facet normal -0.6895405447370572 -0.7242470829514763 0
    outer loop
      vertex 16.116116523516816 7.116116523516816 16.650000000000002
      vertex 16.160551306441228 7.073811093306301 17.1
      vertex 16.116116523516816 7.116116523516816 17.1
    endloop
  endfacet
  facet normal -0.724247082951462 -0.6895405447370719 0
    outer loop
      vertex 16.116116523516816 7.116116523516816 16.650000000000002
      vertex 16.116116523516816 7.116116523516816 17.1
      vertex 16.0738110933063 7.160551306441227 17.1
    endloop
  endfacet
  facet normal -0.8175848131515795 -0.5758081914178511 0
    outer loop
      vertex 15.995990585649194 7.2553758693844586 16.650000000000002
      vertex 15.995990585649194 7.2553758693844586 17.1
      vertex 15.960662984621818 7.3055372087254975 17.1
    endloop
  endfacet
  facet normal -0.8700869911087098 -0.49289819222978715 0
    outer loop
      vertex 15.92783923749966 7.357371569758473 16.650000000000002
      vertex 15.92783923749966 7.357371569758473 17.1
      vertex 15.897598419564556 7.410754078967503 17.1
    endloop
  endfacet
  facet normal -0.8932243011955184 -0.4496113296546005 0
    outer loop
      vertex 15.897598419564556 7.410754078967503 16.650000000000002
      vertex 15.897598419564556 7.410754078967503 17.1
      vertex 15.870013383595696 7.465556133212147 17.1
    endloop
  endfacet
  facet normal -0.8448535652497072 -0.5349976198870969 0
    outer loop
      vertex 15.960662984621818 7.3055372087254975 16.650000000000002
      vertex 15.960662984621818 7.3055372087254975 17.1
      vertex 15.92783923749966 7.357371569758473 17.1
    endloop
  endfacet
  facet normal -0.7883464276266247 -0.6152315905806032 0
    outer loop
      vertex 16.033736933296577 7.207008394795443 16.650000000000002
      vertex 16.033736933296577 7.207008394795443 17.1
      vertex 15.995990585649194 7.2553758693844586 17.1
    endloop
  endfacet
  facet normal -0.7572088465064728 -0.6531728429537904 0
    outer loop
      vertex 16.0738110933063 7.160551306441227 16.650000000000002
      vertex 16.0738110933063 7.160551306441227 17.1
      vertex 16.033736933296577 7.207008394795443 17.1
    endloop
  endfacet
  facet normal -0.9329927988347437 -0.35989503653497573 0
    outer loop
      vertex 15.823069918521224 7.578887683259725 16.650000000000002
      vertex 15.84515058436089 7.5216457095436375 16.650000000000002
      vertex 15.823069918521224 7.578887683259725 17.1
    endloop
  endfacet
  facet normal -0.9495281805930386 -0.3136817403988858 0
    outer loop
      vertex 15.823069918521224 7.578887683259725 16.650000000000002
      vertex 15.803824580334739 7.637144153431922 17.1
      vertex 15.803824580334739 7.637144153431922 16.650000000000002
    endloop
  endfacet
  facet normal -0.9637760657954375 -0.2667127574749066 0
    outer loop
      vertex 15.803824580334739 7.637144153431922 16.650000000000002
      vertex 15.78746093350682 7.69627477512092 17.1
      vertex 15.78746093350682 7.69627477512092 16.650000000000002
    endloop
  endfacet
  facet normal 0 0 -1
    outer loop
      vertex 15.756019091659754 7.877478574588049 16.650000000000002
      vertex 15.751505679743534 7.938665407090728 16.650000000000002
      vertex 15.756019091659754 8.12252142541195 16.650000000000002
    endloop
  endfacet
  facet normal 0 0 -1
    outer loop
      vertex 15.803824580334739 7.637144153431922 16.650000000000002
      vertex 15.78746093350682 7.69627477512092 16.650000000000002
      vertex 15.803824580334739 8.362855846568078 16.650000000000002
    endloop
  endfacet
  facet normal 0 0 -1
    outer loop
      vertex 15.78746093350682 7.69627477512092 16.650000000000002
      vertex 15.774018399495962 7.75613709747984 16.650000000000002
      vertex 15.78746093350682 8.30372522487908 16.650000000000002
    endloop
  endfacet
  facet normal 0 0 -1
    outer loop
      vertex 15.823069918521224 7.578887683259725 16.650000000000002
      vertex 15.803824580334739 7.637144153431922 16.650000000000002
      vertex 15.823069918521224 8.421112316740276 16.650000000000002
    endloop
  endfacet
  facet normal 0 0 -1
    outer loop
      vertex 15.823069918521224 7.578887683259725 16.650000000000002
      vertex 15.84515058436089 8.478354290456362 16.650000000000002
      vertex 15.84515058436089 7.5216457095436375 16.650000000000002
    endloop
  endfacet
  facet normal 0 0 -1
    outer loop
      vertex 15.774018399495962 7.75613709747984 16.650000000000002
      vertex 15.763529362544023 7.816586906930798 16.650000000000002
      vertex 15.774018399495962 8.24386290252016 16.650000000000002
    endloop
  endfacet
  facet normal 0 0 -1
    outer loop
      vertex 15.763529362544023 7.816586906930798 16.650000000000002
      vertex 15.756019091659754 7.877478574588049 16.650000000000002
      vertex 15.763529362544023 8.183413093069202 16.650000000000002
    endloop
  endfacet
  facet normal -0.9757021300385285 -0.2191012401568699 0
    outer loop
      vertex 15.78746093350682 7.69627477512092 16.650000000000002
      vertex 15.774018399495962 7.75613709747984 17.1
      vertex 15.774018399495962 7.75613709747984 16.650000000000002
    endloop
  endfacet
  facet normal -0.9852776423889412 -0.17096188876030144 0
    outer loop
      vertex 15.774018399495962 7.75613709747984 16.650000000000002
      vertex 15.763529362544023 7.816586906930798 17.1
      vertex 15.763529362544023 7.816586906930798 16.650000000000002
    endloop
  endfacet
  facet normal -0.9924795345987105 -0.12241067519921206 0
    outer loop
      vertex 15.763529362544023 7.816586906930798 16.650000000000002
      vertex 15.756019091659754 7.877478574588049 17.1
      vertex 15.756019091659754 7.877478574588049 16.650000000000002
    endloop
  endfacet
  facet normal -0.99729045667869 -0.07356456359967005 0
    outer loop
      vertex 15.756019091659754 7.877478574588049 16.650000000000002
      vertex 15.751505679743534 7.938665407090728 17.1
      vertex 15.751505679743534 7.938665407090728 16.650000000000002
    endloop
  endfacet
  facet normal -0.9996988186962044 -0.024541228522907587 0
    outer loop
      vertex 15.751505679743534 7.938665407090728 16.650000000000002
      vertex 15.75 8 17.1
      vertex 15.75 8 16.650000000000002
    endloop
  endfacet
  facet normal 0 0 -1
    outer loop
      vertex 16.160551306441228 7.073811093306301 16.650000000000002
      vertex 16.116116523516816 7.116116523516816 16.650000000000002
      vertex 16.160551306441228 8.9261889066937 16.650000000000002
    endloop
  endfacet
  facet normal -0.8932243011955184 -0.4496113296546005 0
    outer loop
      vertex 15.897598419564556 7.410754078967503 16.650000000000002
      vertex 15.870013383595696 7.465556133212147 17.1
      vertex 15.870013383595696 7.465556133212147 16.650000000000002
    endloop
  endfacet
  facet normal -0.9142097557035246 -0.40524131400500346 0
    outer loop
      vertex 15.870013383595696 7.465556133212147 16.650000000000002
      vertex 15.84515058436089 7.5216457095436375 17.1
      vertex 15.84515058436089 7.5216457095436375 16.650000000000002
    endloop
  endfacet
  facet normal 0 0 -1
    outer loop
      vertex 15.870013383595696 7.465556133212147 16.650000000000002
      vertex 15.84515058436089 7.5216457095436375 16.650000000000002
      vertex 15.870013383595696 8.534443866787853 16.650000000000002
    endloop
  endfacet
  facet normal 0 0 -1
    outer loop
      vertex 15.897598419564556 7.410754078967503 16.650000000000002
      vertex 15.870013383595696 7.465556133212147 16.650000000000002
      vertex 15.897598419564556 8.589245921032497 16.650000000000002
    endloop
  endfacet
  facet normal 0 0 -1
    outer loop
      vertex 15.92783923749966 7.357371569758473 16.650000000000002
      vertex 15.897598419564556 7.410754078967503 16.650000000000002
      vertex 15.92783923749966 8.642628430241528 16.650000000000002
    endloop
  endfacet
  facet normal 0 0 -1
    outer loop
      vertex 15.92783923749966 7.357371569758473 16.650000000000002
      vertex 15.960662984621818 8.694462791274503 16.650000000000002
      vertex 15.960662984621818 7.3055372087254975 16.650000000000002
    endloop
  endfacet
  facet normal 0 0 -1
    outer loop
      vertex 15.995990585649194 7.2553758693844586 16.650000000000002
      vertex 15.960662984621818 7.3055372087254975 16.650000000000002
      vertex 15.995990585649194 8.744624130615541 16.650000000000002
    endloop
  endfacet
  facet normal 0 0 -1
    outer loop
      vertex 15.995990585649194 7.2553758693844586 16.650000000000002
      vertex 16.033736933296577 8.792991605204557 16.650000000000002
      vertex 16.033736933296577 7.207008394795443 16.650000000000002
    endloop
  endfacet
  facet normal 0 0 -1
    outer loop
      vertex 16.033736933296577 7.207008394795443 16.650000000000002
      vertex 16.0738110933063 8.839448693558772 16.650000000000002
      vertex 16.0738110933063 7.160551306441227 16.650000000000002
    endloop
  endfacet
  facet normal 0 0 -1
    outer loop
      vertex 16.116116523516816 7.116116523516816 16.650000000000002
      vertex 16.0738110933063 7.160551306441227 16.650000000000002
      vertex 16.116116523516816 8.883883476483184 16.650000000000002
    endloop
  endfacet
  facet normal -0.9329927988347437 -0.35989503653497573 0
    outer loop
      vertex 15.84515058436089 7.5216457095436375 16.650000000000002
      vertex 15.84515058436089 7.5216457095436375 17.1
      vertex 15.823069918521224 7.578887683259725 17.1
    endloop
  endfacet
  facet normal -0.9495281805930386 -0.3136817403988858 0
    outer loop
      vertex 15.823069918521224 7.578887683259725 16.650000000000002
      vertex 15.823069918521224 7.578887683259725 17.1
      vertex 15.803824580334739 7.637144153431922 17.1
    endloop
  endfacet
  facet normal -0.9637760657954375 -0.2667127574749066 0
    outer loop
      vertex 15.803824580334739 7.637144153431922 16.650000000000002
      vertex 15.803824580334739 7.637144153431922 17.1
      vertex 15.78746093350682 7.69627477512092 17.1
    endloop
  endfacet
  facet normal -0.9757021300385285 -0.2191012401568699 0
    outer loop
      vertex 15.78746093350682 7.69627477512092 16.650000000000002
      vertex 15.78746093350682 7.69627477512092 17.1
      vertex 15.774018399495962 7.75613709747984 17.1
    endloop
  endfacet
  facet normal -0.9852776423889412 -0.17096188876030144 0
    outer loop
      vertex 15.774018399495962 7.75613709747984 16.650000000000002
      vertex 15.774018399495962 7.75613709747984 17.1
      vertex 15.763529362544023 7.816586906930798 17.1
    endloop
  endfacet
  facet normal -0.9924795345987105 -0.12241067519921206 0
    outer loop
      vertex 15.763529362544023 7.816586906930798 16.650000000000002
      vertex 15.763529362544023 7.816586906930798 17.1
      vertex 15.756019091659754 7.877478574588049 17.1
    endloop
  endfacet
  facet normal -0.99729045667869 -0.07356456359967005 0
    outer loop
      vertex 15.756019091659754 7.877478574588049 16.650000000000002
      vertex 15.756019091659754 7.877478574588049 17.1
      vertex 15.751505679743534 7.938665407090728 17.1
    endloop
  endfacet
  facet normal -0.9996988186962044 -0.024541228522907587 0
    outer loop
      vertex 15.751505679743534 7.938665407090728 16.650000000000002
      vertex 15.751505679743534 7.938665407090728 17.1
      vertex 15.75 8 17.1
    endloop
  endfacet
  facet normal -0.9142097557035246 -0.40524131400500346 0
    outer loop
      vertex 15.870013383595696 7.465556133212147 16.650000000000002
      vertex 15.870013383595696 7.465556133212147 17.1
      vertex 15.84515058436089 7.5216457095436375 17.1
    endloop
  endfacet
  facet normal -0.6152315905806351 -0.7883464276265998 0
    outer loop
      vertex 16.25537586938446 6.995990585649194 16.650000000000002
      vertex 16.25537586938446 6.995990585649194 17.1
      vertex 16.207008394795444 7.033736933296579 16.650000000000002
    endloop
  endfacet
  facet normal -0.5349976198870838 -0.8448535652497156 0
    outer loop
      vertex 16.357371569758474 6.92783923749966 16.650000000000002
      vertex 16.357371569758474 6.92783923749966 17.1
      vertex 16.305537208725497 6.960662984621818 16.650000000000002
    endloop
  endfacet
  facet normal -0.5758081914178579 -0.8175848131515747 0
    outer loop
      vertex 16.25537586938446 6.995990585649194 16.650000000000002
      vertex 16.305537208725497 6.960662984621818 16.650000000000002
      vertex 16.305537208725497 6.960662984621818 17.1
    endloop
  endfacet
  facet normal -0.6531728429537749 -0.7572088465064862 0
    outer loop
      vertex 16.160551306441228 7.073811093306301 16.650000000000002
      vertex 16.207008394795444 7.033736933296579 16.650000000000002
      vertex 16.207008394795444 7.033736933296579 17.1
    endloop
  endfacet
  facet normal -0.49289819222978715 -0.8700869911087098 0
    outer loop
      vertex 16.357371569758474 6.92783923749966 16.650000000000002
      vertex 16.410754078967503 6.897598419564556 16.650000000000002
      vertex 16.410754078967503 6.897598419564556 17.1
    endloop
  endfacet
  facet normal -0.4496113296546121 -0.8932243011955124 0
    outer loop
      vertex 16.465556133212147 6.870013383595696 16.650000000000002
      vertex 16.465556133212147 6.870013383595696 17.1
      vertex 16.410754078967503 6.897598419564556 16.650000000000002
    endloop
  endfacet
  facet normal -0.5758081914178579 -0.8175848131515747 0
    outer loop
      vertex 16.25537586938446 6.995990585649194 16.650000000000002
      vertex 16.305537208725497 6.960662984621818 17.1
      vertex 16.25537586938446 6.995990585649194 17.1
    endloop
  endfacet
  facet normal -0.5349976198870838 -0.8448535652497156 0
    outer loop
      vertex 16.305537208725497 6.960662984621818 16.650000000000002
      vertex 16.357371569758474 6.92783923749966 17.1
      vertex 16.305537208725497 6.960662984621818 17.1
    endloop
  endfacet
  facet normal -0.6152315905806351 -0.7883464276265998 0
    outer loop
      vertex 16.207008394795444 7.033736933296579 16.650000000000002
      vertex 16.25537586938446 6.995990585649194 17.1
      vertex 16.207008394795444 7.033736933296579 17.1
    endloop
  endfacet
  facet normal -0.49289819222978715 -0.8700869911087098 0
    outer loop
      vertex 16.357371569758474 6.92783923749966 16.650000000000002
      vertex 16.410754078967503 6.897598419564556 17.1
      vertex 16.357371569758474 6.92783923749966 17.1
    endloop
  endfacet
  facet normal -0.4496113296546121 -0.8932243011955124 0
    outer loop
      vertex 16.465556133212147 6.870013383595696 17.1
      vertex 16.410754078967503 6.897598419564556 17.1
      vertex 16.410754078967503 6.897598419564556 16.650000000000002
    endloop
  endfacet
  facet normal 0 0 -1
    outer loop
      vertex 16.160551306441228 7.073811093306301 16.650000000000002
      vertex 16.207008394795444 8.966263066703421 16.650000000000002
      vertex 16.207008394795444 7.033736933296579 16.650000000000002
    endloop
  endfacet
  facet normal 0 0 -1
    outer loop
      vertex 16.25537586938446 6.995990585649194 16.650000000000002
      vertex 16.207008394795444 7.033736933296579 16.650000000000002
      vertex 16.25537586938446 9.004009414350806 16.650000000000002
    endloop
  endfacet
  facet normal 0 0 -1
    outer loop
      vertex 16.25537586938446 6.995990585649194 16.650000000000002
      vertex 16.305537208725497 9.039337015378182 16.650000000000002
      vertex 16.305537208725497 6.960662984621818 16.650000000000002
    endloop
  endfacet
  facet normal 0 0 -1
    outer loop
      vertex 16.357371569758474 6.92783923749966 16.650000000000002
      vertex 16.305537208725497 6.960662984621818 16.650000000000002
      vertex 16.357371569758474 9.07216076250034 16.650000000000002
    endloop
  endfacet
  facet normal 0 0 -1
    outer loop
      vertex 16.357371569758474 6.92783923749966 16.650000000000002
      vertex 16.410754078967503 9.102401580435444 16.650000000000002
      vertex 16.410754078967503 6.897598419564556 16.650000000000002
    endloop
  endfacet
  facet normal 0 0 -1
    outer loop
      vertex 16.465556133212147 6.870013383595696 16.650000000000002
      vertex 16.410754078967503 6.897598419564556 16.650000000000002
      vertex 16.465556133212147 9.129986616404304 16.650000000000002
    endloop
  endfacet
  facet normal 0 0 -1
    outer loop
      vertex 16.465556133212147 6.870013383595696 16.650000000000002
      vertex 16.521645709543638 9.15484941563911 16.650000000000002
      vertex 16.521645709543638 6.8451505843608915 16.650000000000002
    endloop
  endfacet
  facet normal 0 0 -1
    outer loop
      vertex 16.521645709543638 6.8451505843608915 16.650000000000002
      vertex 16.578887683259726 9.176930081478776 16.650000000000002
      vertex 16.578887683259726 6.823069918521224 16.650000000000002
    endloop
  endfacet
  facet normal 0 0 -1
    outer loop
      vertex 16.578887683259726 6.823069918521224 16.650000000000002
      vertex 16.637144153431922 9.196175419665261 16.650000000000002
      vertex 16.637144153431922 6.803824580334739 16.650000000000002
    endloop
  endfacet
  facet normal 0 0 -1
    outer loop
      vertex 16.637144153431922 6.803824580334739 16.650000000000002
      vertex 16.69627477512092 9.21253906649318 16.650000000000002
      vertex 16.69627477512092 6.78746093350682 16.650000000000002
    endloop
  endfacet
  facet normal 0 0 -1
    outer loop
      vertex 16.69627477512092 6.78746093350682 16.650000000000002
      vertex 16.75613709747984 9.225981600504038 16.650000000000002
      vertex 16.75613709747984 6.7740183994959615 16.650000000000002
    endloop
  endfacet
  facet normal 0 0 -1
    outer loop
      vertex 16.75613709747984 6.7740183994959615 16.650000000000002
      vertex 16.816586906930798 9.236470637455977 16.650000000000002
      vertex 16.816586906930798 6.763529362544023 16.650000000000002
    endloop
  endfacet
  facet normal 0 0 -1
    outer loop
      vertex 16.816586906930798 6.763529362544023 16.650000000000002
      vertex 16.87747857458805 9.243980908340246 16.650000000000002
      vertex 16.87747857458805 6.756019091659754 16.650000000000002
    endloop
  endfacet
  facet normal -0.07356456359967112 -0.9972904566786899 0
    outer loop
      vertex 16.87747857458805 6.756019091659754 16.650000000000002
      vertex 16.938665407090728 6.751505679743534 16.650000000000002
      vertex 16.938665407090728 6.751505679743534 17.1
    endloop
  endfacet
  facet normal -0.024541228522907587 -0.9996988186962044 0
    outer loop
      vertex 16.938665407090728 6.751505679743534 16.650000000000002
      vertex 17 6.75 16.650000000000002
      vertex 17 6.75 17.1
    endloop
  endfacet
  facet normal 0.024541228522907587 -0.9996988186962044 0
    outer loop
      vertex 17 6.75 16.650000000000002
      vertex 17.061334592909272 6.751505679743534 16.650000000000002
      vertex 17.061334592909272 6.751505679743534 17.1
    endloop
  endfacet
  facet normal 0.07356456359967112 -0.9972904566786899 0
    outer loop
      vertex 17.061334592909272 6.751505679743534 16.650000000000002
      vertex 17.12252142541195 6.756019091659754 16.650000000000002
      vertex 17.12252142541195 6.756019091659754 17.1
    endloop
  endfacet
  facet normal 0.12241067519921028 -0.9924795345987106 0
    outer loop
      vertex 17.12252142541195 6.756019091659754 16.650000000000002
      vertex 17.183413093069202 6.763529362544023 16.650000000000002
      vertex 17.183413093069202 6.763529362544023 17.1
    endloop
  endfacet
  facet normal 0.17096188876030144 -0.9852776423889412 0
    outer loop
      vertex 17.183413093069202 6.763529362544023 16.650000000000002
      vertex 17.24386290252016 6.7740183994959615 16.650000000000002
      vertex 17.24386290252016 6.7740183994959615 17.1
    endloop
  endfacet
  facet normal 0.21910124015686683 -0.9757021300385292 0
    outer loop
      vertex 17.24386290252016 6.7740183994959615 16.650000000000002
      vertex 17.30372522487908 6.78746093350682 16.650000000000002
      vertex 17.30372522487908 6.78746093350682 17.1
    endloop
  endfacet
  facet normal 0.26671275747491036 -0.9637760657954366 0
    outer loop
      vertex 17.30372522487908 6.78746093350682 16.650000000000002
      vertex 17.362855846568078 6.803824580334739 16.650000000000002
      vertex 17.362855846568078 6.803824580334739 17.1
    endloop
  endfacet
  facet normal 0.3136817403988901 -0.9495281805930371 0
    outer loop
      vertex 17.362855846568078 6.803824580334739 16.650000000000002
      vertex 17.421112316740274 6.823069918521224 16.650000000000002
      vertex 17.421112316740274 6.823069918521224 17.1
    endloop
  endfacet
  facet normal 0.3598950365349834 -0.9329927988347406 0
    outer loop
      vertex 17.421112316740274 6.823069918521224 16.650000000000002
      vertex 17.478354290456362 6.8451505843608915 16.650000000000002
      vertex 17.478354290456362 6.8451505843608915 17.1
    endloop
  endfacet
  facet normal 0.40524131400498603 -0.9142097557035322 0
    outer loop
      vertex 17.478354290456362 6.8451505843608915 16.650000000000002
      vertex 17.534443866787853 6.870013383595696 16.650000000000002
      vertex 17.534443866787853 6.870013383595696 17.1
    endloop
  endfacet
  facet normal -0.07356456359967112 -0.9972904566786899 0
    outer loop
      vertex 16.87747857458805 6.756019091659754 16.650000000000002
      vertex 16.938665407090728 6.751505679743534 17.1
      vertex 16.87747857458805 6.756019091659754 17.1
    endloop
  endfacet
  facet normal -0.024541228522907587 -0.9996988186962044 0
    outer loop
      vertex 16.938665407090728 6.751505679743534 16.650000000000002
      vertex 17 6.75 17.1
      vertex 16.938665407090728 6.751505679743534 17.1
    endloop
  endfacet
  facet normal 0.024541228522907587 -0.9996988186962044 0
    outer loop
      vertex 17 6.75 16.650000000000002
      vertex 17.061334592909272 6.751505679743534 17.1
      vertex 17 6.75 17.1
    endloop
  endfacet
  facet normal 0.07356456359967112 -0.9972904566786899 0
    outer loop
      vertex 17.061334592909272 6.751505679743534 16.650000000000002
      vertex 17.12252142541195 6.756019091659754 17.1
      vertex 17.061334592909272 6.751505679743534 17.1
    endloop
  endfacet
  facet normal 0.12241067519921028 -0.9924795345987106 0
    outer loop
      vertex 17.12252142541195 6.756019091659754 16.650000000000002
      vertex 17.183413093069202 6.763529362544023 17.1
      vertex 17.12252142541195 6.756019091659754 17.1
    endloop
  endfacet
  facet normal 0.17096188876030144 -0.9852776423889412 0
    outer loop
      vertex 17.183413093069202 6.763529362544023 16.650000000000002
      vertex 17.24386290252016 6.7740183994959615 17.1
      vertex 17.183413093069202 6.763529362544023 17.1
    endloop
  endfacet
  facet normal 0.21910124015686683 -0.9757021300385292 0
    outer loop
      vertex 17.24386290252016 6.7740183994959615 16.650000000000002
      vertex 17.30372522487908 6.78746093350682 17.1
      vertex 17.24386290252016 6.7740183994959615 17.1
    endloop
  endfacet
  facet normal 0.26671275747491036 -0.9637760657954366 0
    outer loop
      vertex 17.30372522487908 6.78746093350682 16.650000000000002
      vertex 17.362855846568078 6.803824580334739 17.1
      vertex 17.30372522487908 6.78746093350682 17.1
    endloop
  endfacet
  facet normal 0.3136817403988901 -0.9495281805930371 0
    outer loop
      vertex 17.362855846568078 6.803824580334739 16.650000000000002
      vertex 17.421112316740274 6.823069918521224 17.1
      vertex 17.362855846568078 6.803824580334739 17.1
    endloop
  endfacet
  facet normal 0.3598950365349834 -0.9329927988347406 0
    outer loop
      vertex 17.421112316740274 6.823069918521224 16.650000000000002
      vertex 17.478354290456362 6.8451505843608915 17.1
      vertex 17.421112316740274 6.823069918521224 17.1
    endloop
  endfacet
  facet normal 0.40524131400498603 -0.9142097557035322 0
    outer loop
      vertex 17.478354290456362 6.8451505843608915 16.650000000000002
      vertex 17.534443866787853 6.870013383595696 17.1
      vertex 17.478354290456362 6.8451505843608915 17.1
    endloop
  endfacet
  facet normal 0.4496113296546121 -0.8932243011955124 0
    outer loop
      vertex 17.534443866787853 6.870013383595696 16.650000000000002
      vertex 17.589245921032497 6.897598419564556 17.1
      vertex 17.534443866787853 6.870013383595696 17.1
    endloop
  endfacet
  facet normal 0 0 -1
    outer loop
      vertex 16.87747857458805 6.756019091659754 16.650000000000002
      vertex 16.938665407090728 9.248494320256466 16.650000000000002
      vertex 16.938665407090728 6.751505679743534 16.650000000000002
    endloop
  endfacet
  facet normal 0 0 -1
    outer loop
      vertex 16.938665407090728 6.751505679743534 16.650000000000002
      vertex 17 9.25 16.650000000000002
      vertex 17 6.75 16.650000000000002
    endloop
  endfacet
  facet normal 0 0 -1
    outer loop
      vertex 17 6.75 16.650000000000002
      vertex 17.061334592909272 9.248494320256466 16.650000000000002
      vertex 17.061334592909272 6.751505679743534 16.650000000000002
    endloop
  endfacet
  facet normal 0 0 -1
    outer loop
      vertex 17.061334592909272 6.751505679743534 16.650000000000002
      vertex 17.12252142541195 9.243980908340246 16.650000000000002
      vertex 17.12252142541195 6.756019091659754 16.650000000000002
    endloop
  endfacet
  facet normal 0 0 -1
    outer loop
      vertex 17.12252142541195 6.756019091659754 16.650000000000002
      vertex 17.183413093069202 9.236470637455977 16.650000000000002
      vertex 17.183413093069202 6.763529362544023 16.650000000000002
    endloop
  endfacet
  facet normal 0 0 -1
    outer loop
      vertex 17.183413093069202 6.763529362544023 16.650000000000002
      vertex 17.24386290252016 9.225981600504038 16.650000000000002
      vertex 17.24386290252016 6.7740183994959615 16.650000000000002
    endloop
  endfacet
  facet normal 0 0 -1
    outer loop
      vertex 17.24386290252016 6.7740183994959615 16.650000000000002
      vertex 17.30372522487908 9.21253906649318 16.650000000000002
      vertex 17.30372522487908 6.78746093350682 16.650000000000002
    endloop
  endfacet
  facet normal 0 0 -1
    outer loop
      vertex 17.30372522487908 6.78746093350682 16.650000000000002
      vertex 17.362855846568078 9.196175419665261 16.650000000000002
      vertex 17.362855846568078 6.803824580334739 16.650000000000002
    endloop
  endfacet
  facet normal 0 0 -1
    outer loop
      vertex 17.362855846568078 6.803824580334739 16.650000000000002
      vertex 17.421112316740274 9.176930081478776 16.650000000000002
      vertex 17.421112316740274 6.823069918521224 16.650000000000002
    endloop
  endfacet
  facet normal 0 0 -1
    outer loop
      vertex 17.421112316740274 6.823069918521224 16.650000000000002
      vertex 17.478354290456362 9.15484941563911 16.650000000000002
      vertex 17.478354290456362 6.8451505843608915 16.650000000000002
    endloop
  endfacet
  facet normal 0 0 -1
    outer loop
      vertex 17.478354290456362 6.8451505843608915 16.650000000000002
      vertex 17.534443866787853 9.129986616404304 16.650000000000002
      vertex 17.534443866787853 6.870013383595696 16.650000000000002
    endloop
  endfacet
  facet normal 0.4496113296546121 -0.8932243011955124 0
    outer loop
      vertex 17.534443866787853 6.870013383595696 16.650000000000002
      vertex 17.589245921032497 6.897598419564556 16.650000000000002
      vertex 17.589245921032497 6.897598419564556 17.1
    endloop
  endfacet
  facet normal 0.49289819222978715 -0.8700869911087098 0
    outer loop
      vertex 17.589245921032497 6.897598419564556 16.650000000000002
      vertex 17.642628430241526 6.92783923749966 16.650000000000002
      vertex 17.642628430241526 6.92783923749966 17.1
    endloop
  endfacet
  facet normal 0.5349976198870838 -0.8448535652497156 0
    outer loop
      vertex 17.642628430241526 6.92783923749966 16.650000000000002
      vertex 17.694462791274503 6.960662984621818 16.650000000000002
      vertex 17.694462791274503 6.960662984621818 17.1
    endloop
  endfacet
  facet normal 0.5758081914178579 -0.8175848131515747 0
    outer loop
      vertex 17.694462791274503 6.960662984621818 16.650000000000002
      vertex 17.74462413061554 6.995990585649194 16.650000000000002
      vertex 17.74462413061554 6.995990585649194 17.1
    endloop
  endfacet
  facet normal 0.6152315905806351 -0.7883464276265998 0
    outer loop
      vertex 17.74462413061554 6.995990585649194 16.650000000000002
      vertex 17.792991605204556 7.033736933296579 16.650000000000002
      vertex 17.792991605204556 7.033736933296579 17.1
    endloop
  endfacet
  facet normal 0.6531728429537749 -0.7572088465064862 0
    outer loop
      vertex 17.792991605204556 7.033736933296579 16.650000000000002
      vertex 17.839448693558772 7.073811093306301 16.650000000000002
      vertex 17.839448693558772 7.073811093306301 17.1
    endloop
  endfacet
  facet normal 0.6895405447370572 -0.7242470829514763 0
    outer loop
      vertex 17.839448693558772 7.073811093306301 16.650000000000002
      vertex 17.883883476483184 7.116116523516816 16.650000000000002
      vertex 17.883883476483184 7.116116523516816 17.1
    endloop
  endfacet
  facet normal 0.724247082951462 -0.6895405447370719 0
    outer loop
      vertex 17.883883476483184 7.116116523516816 16.650000000000002
      vertex 17.9261889066937 7.160551306441227 16.650000000000002
      vertex 17.883883476483184 7.116116523516816 17.1
    endloop
  endfacet
  facet normal 0.7572088465064728 -0.6531728429537904 0
    outer loop
      vertex 17.9261889066937 7.160551306441227 16.650000000000002
      vertex 17.966263066703423 7.207008394795443 16.650000000000002
      vertex 17.9261889066937 7.160551306441227 17.1
    endloop
  endfacet
  facet normal 0.7883464276266108 -0.6152315905806212 0
    outer loop
      vertex 17.966263066703423 7.207008394795443 16.650000000000002
      vertex 18.004009414350808 7.2553758693844586 16.650000000000002
      vertex 17.966263066703423 7.207008394795443 17.1
    endloop
  endfacet
  facet normal 0.8175848131516069 -0.5758081914178124 0
    outer loop
      vertex 18.004009414350808 7.2553758693844586 16.650000000000002
      vertex 18.03933701537818 7.3055372087254975 16.650000000000002
      vertex 18.004009414350808 7.2553758693844586 17.1
    endloop
  endfacet
  facet normal 0.8448535652497072 -0.5349976198870969 0
    outer loop
      vertex 18.03933701537818 7.3055372087254975 16.650000000000002
      vertex 18.07216076250034 7.357371569758473 16.650000000000002
      vertex 18.03933701537818 7.3055372087254975 17.1
    endloop
  endfacet
  facet normal 0.8700869911086972 -0.4928981922298091 0
    outer loop
      vertex 18.07216076250034 7.357371569758473 16.650000000000002
      vertex 18.102401580435444 7.410754078967503 16.650000000000002
      vertex 18.07216076250034 7.357371569758473 17.1
    endloop
  endfacet
  facet normal 0.8932243011955301 -0.4496113296545774 0
    outer loop
      vertex 18.102401580435444 7.410754078967503 16.650000000000002
      vertex 18.129986616404302 7.465556133212147 16.650000000000002
      vertex 18.102401580435444 7.410754078967503 17.1
    endloop
  endfacet
  facet normal 0.49289819222978715 -0.8700869911087098 0
    outer loop
      vertex 17.589245921032497 6.897598419564556 16.650000000000002
      vertex 17.642628430241526 6.92783923749966 17.1
      vertex 17.589245921032497 6.897598419564556 17.1
    endloop
  endfacet
  facet normal 0.5349976198870838 -0.8448535652497156 0
    outer loop
      vertex 17.642628430241526 6.92783923749966 16.650000000000002
      vertex 17.694462791274503 6.960662984621818 17.1
      vertex 17.642628430241526 6.92783923749966 17.1
    endloop
  endfacet
  facet normal 0.5758081914178579 -0.8175848131515747 0
    outer loop
      vertex 17.694462791274503 6.960662984621818 16.650000000000002
      vertex 17.74462413061554 6.995990585649194 17.1
      vertex 17.694462791274503 6.960662984621818 17.1
    endloop
  endfacet
  facet normal 0.6152315905806351 -0.7883464276265998 0
    outer loop
      vertex 17.74462413061554 6.995990585649194 16.650000000000002
      vertex 17.792991605204556 7.033736933296579 17.1
      vertex 17.74462413061554 6.995990585649194 17.1
    endloop
  endfacet
  facet normal 0.6531728429537749 -0.7572088465064862 0
    outer loop
      vertex 17.792991605204556 7.033736933296579 16.650000000000002
      vertex 17.839448693558772 7.073811093306301 17.1
      vertex 17.792991605204556 7.033736933296579 17.1
    endloop
  endfacet
  facet normal 0.6895405447370572 -0.7242470829514763 0
    outer loop
      vertex 17.839448693558772 7.073811093306301 16.650000000000002
      vertex 17.883883476483184 7.116116523516816 17.1
      vertex 17.839448693558772 7.073811093306301 17.1
    endloop
  endfacet
  facet normal 0.724247082951462 -0.6895405447370719 0
    outer loop
      vertex 17.9261889066937 7.160551306441227 16.650000000000002
      vertex 17.9261889066937 7.160551306441227 17.1
      vertex 17.883883476483184 7.116116523516816 17.1
    endloop
  endfacet
  facet normal 0.7572088465064728 -0.6531728429537904 0
    outer loop
      vertex 17.966263066703423 7.207008394795443 16.650000000000002
      vertex 17.966263066703423 7.207008394795443 17.1
      vertex 17.9261889066937 7.160551306441227 17.1
    endloop
  endfacet
  facet normal 0.7883464276266108 -0.6152315905806212 0
    outer loop
      vertex 18.004009414350808 7.2553758693844586 16.650000000000002
      vertex 18.004009414350808 7.2553758693844586 17.1
      vertex 17.966263066703423 7.207008394795443 17.1
    endloop
  endfacet
  facet normal 0.8175848131516069 -0.5758081914178124 0
    outer loop
      vertex 18.03933701537818 7.3055372087254975 16.650000000000002
      vertex 18.03933701537818 7.3055372087254975 17.1
      vertex 18.004009414350808 7.2553758693844586 17.1
    endloop
  endfacet
  facet normal 0.8448535652497072 -0.5349976198870969 0
    outer loop
      vertex 18.07216076250034 7.357371569758473 16.650000000000002
      vertex 18.07216076250034 7.357371569758473 17.1
      vertex 18.03933701537818 7.3055372087254975 17.1
    endloop
  endfacet
  facet normal 0.8700869911086972 -0.4928981922298091 0
    outer loop
      vertex 18.102401580435444 7.410754078967503 16.650000000000002
      vertex 18.102401580435444 7.410754078967503 17.1
      vertex 18.07216076250034 7.357371569758473 17.1
    endloop
  endfacet
  facet normal 0 0 -1
    outer loop
      vertex 17.534443866787853 6.870013383595696 16.650000000000002
      vertex 17.589245921032497 9.102401580435444 16.650000000000002
      vertex 17.589245921032497 6.897598419564556 16.650000000000002
    endloop
  endfacet
  facet normal 0 0 -1
    outer loop
      vertex 17.589245921032497 6.897598419564556 16.650000000000002
      vertex 17.642628430241526 9.07216076250034 16.650000000000002
      vertex 17.642628430241526 6.92783923749966 16.650000000000002
    endloop
  endfacet
  facet normal 0 0 -1
    outer loop
      vertex 17.642628430241526 6.92783923749966 16.650000000000002
      vertex 17.694462791274503 9.039337015378182 16.650000000000002
      vertex 17.694462791274503 6.960662984621818 16.650000000000002
    endloop
  endfacet
  facet normal 0 0 -1
    outer loop
      vertex 17.694462791274503 6.960662984621818 16.650000000000002
      vertex 17.74462413061554 9.004009414350806 16.650000000000002
      vertex 17.74462413061554 6.995990585649194 16.650000000000002
    endloop
  endfacet
  facet normal 0 0 -1
    outer loop
      vertex 17.74462413061554 6.995990585649194 16.650000000000002
      vertex 17.792991605204556 8.966263066703421 16.650000000000002
      vertex 17.792991605204556 7.033736933296579 16.650000000000002
    endloop
  endfacet
  facet normal 0 0 -1
    outer loop
      vertex 17.792991605204556 7.033736933296579 16.650000000000002
      vertex 17.839448693558772 8.9261889066937 16.650000000000002
      vertex 17.839448693558772 7.073811093306301 16.650000000000002
    endloop
  endfacet
  facet normal 0 0 -1
    outer loop
      vertex 17.839448693558772 7.073811093306301 16.650000000000002
      vertex 17.883883476483184 8.883883476483184 16.650000000000002
      vertex 17.883883476483184 7.116116523516816 16.650000000000002
    endloop
  endfacet
  facet normal 0 0 -1
    outer loop
      vertex 17.883883476483184 7.116116523516816 16.650000000000002
      vertex 17.9261889066937 8.839448693558772 16.650000000000002
      vertex 17.9261889066937 7.160551306441227 16.650000000000002
    endloop
  endfacet
  facet normal 0.9142097557035139 -0.4052413140050277 0
    outer loop
      vertex 18.129986616404302 7.465556133212147 16.650000000000002
      vertex 18.15484941563911 7.5216457095436375 16.650000000000002
      vertex 18.129986616404302 7.465556133212147 17.1
    endloop
  endfacet
  facet normal 0.9329927988347437 -0.35989503653497573 0
    outer loop
      vertex 18.15484941563911 7.5216457095436375 16.650000000000002
      vertex 18.176930081478776 7.578887683259725 16.650000000000002
      vertex 18.15484941563911 7.5216457095436375 17.1
    endloop
  endfacet
  facet normal 0.9495281805930472 -0.3136817403988597 0
    outer loop
      vertex 18.176930081478776 7.578887683259725 16.650000000000002
      vertex 18.19617541966526 7.637144153431922 16.650000000000002
      vertex 18.176930081478776 7.578887683259725 17.1
    endloop
  endfacet
  facet normal 0.9637760657954375 -0.2667127574749066 0
    outer loop
      vertex 18.19617541966526 7.637144153431922 16.650000000000002
      vertex 18.21253906649318 7.69627477512092 16.650000000000002
      vertex 18.19617541966526 7.637144153431922 17.1
    endloop
  endfacet
  facet normal 0.9757021300385224 -0.2191012401568975 0
    outer loop
      vertex 18.21253906649318 7.69627477512092 16.650000000000002
      vertex 18.22598160050404 7.75613709747984 16.650000000000002
      vertex 18.21253906649318 7.69627477512092 17.1
    endloop
  endfacet
  facet normal 0 0 -1
    outer loop
      vertex 17.9261889066937 7.160551306441227 16.650000000000002
      vertex 17.966263066703423 8.792991605204557 16.650000000000002
      vertex 17.966263066703423 7.207008394795443 16.650000000000002
    endloop
  endfacet
  facet normal 0 0 -1
    outer loop
      vertex 17.966263066703423 7.207008394795443 16.650000000000002
      vertex 18.004009414350808 8.744624130615541 16.650000000000002
      vertex 18.004009414350808 7.2553758693844586 16.650000000000002
    endloop
  endfacet
  facet normal 0 0 -1
    outer loop
      vertex 18.004009414350808 7.2553758693844586 16.650000000000002
      vertex 18.03933701537818 8.694462791274503 16.650000000000002
      vertex 18.03933701537818 7.3055372087254975 16.650000000000002
    endloop
  endfacet
  facet normal 0 0 -1
    outer loop
      vertex 18.03933701537818 7.3055372087254975 16.650000000000002
      vertex 18.07216076250034 8.642628430241528 16.650000000000002
      vertex 18.07216076250034 7.357371569758473 16.650000000000002
    endloop
  endfacet
  facet normal 0 0 -1
    outer loop
      vertex 18.07216076250034 7.357371569758473 16.650000000000002
      vertex 18.102401580435444 8.589245921032497 16.650000000000002
      vertex 18.102401580435444 7.410754078967503 16.650000000000002
    endloop
  endfacet
  facet normal 0 0 -1
    outer loop
      vertex 18.102401580435444 7.410754078967503 16.650000000000002
      vertex 18.129986616404302 8.534443866787853 16.650000000000002
      vertex 18.129986616404302 7.465556133212147 16.650000000000002
    endloop
  endfacet
  facet normal 0 0 -1
    outer loop
      vertex 18.129986616404302 7.465556133212147 16.650000000000002
      vertex 18.15484941563911 8.478354290456362 16.650000000000002
      vertex 18.15484941563911 7.5216457095436375 16.650000000000002
    endloop
  endfacet
  facet normal 0 0 -1
    outer loop
      vertex 18.15484941563911 7.5216457095436375 16.650000000000002
      vertex 18.176930081478776 8.421112316740276 16.650000000000002
      vertex 18.176930081478776 7.578887683259725 16.650000000000002
    endloop
  endfacet
  facet normal 0 0 -1
    outer loop
      vertex 18.176930081478776 7.578887683259725 16.650000000000002
      vertex 18.19617541966526 8.362855846568078 16.650000000000002
      vertex 18.19617541966526 7.637144153431922 16.650000000000002
    endloop
  endfacet
  facet normal 0 0 -1
    outer loop
      vertex 18.19617541966526 7.637144153431922 16.650000000000002
      vertex 18.21253906649318 8.30372522487908 16.650000000000002
      vertex 18.21253906649318 7.69627477512092 16.650000000000002
    endloop
  endfacet
  facet normal 0 0 -1
    outer loop
      vertex 18.21253906649318 7.69627477512092 16.650000000000002
      vertex 18.22598160050404 8.24386290252016 16.650000000000002
      vertex 18.22598160050404 7.75613709747984 16.650000000000002
    endloop
  endfacet
  facet normal 0 0 -1
    outer loop
      vertex 18.22598160050404 7.75613709747984 16.650000000000002
      vertex 18.236470637455977 8.183413093069202 16.650000000000002
      vertex 18.236470637455977 7.816586906930798 16.650000000000002
    endloop
  endfacet
  facet normal 0 0 -1
    outer loop
      vertex 18.236470637455977 7.816586906930798 16.650000000000002
      vertex 18.243980908340248 8.12252142541195 16.650000000000002
      vertex 18.243980908340248 7.877478574588049 16.650000000000002
    endloop
  endfacet
  facet normal 0 0 -1
    outer loop
      vertex 18.243980908340248 7.877478574588049 16.650000000000002
      vertex 18.248494320256466 8.061334592909272 16.650000000000002
      vertex 18.248494320256466 7.938665407090728 16.650000000000002
    endloop
  endfacet
  facet normal 0.9852776423889412 -0.17096188876030144 0
    outer loop
      vertex 18.22598160050404 7.75613709747984 16.650000000000002
      vertex 18.236470637455977 7.816586906930798 16.650000000000002
      vertex 18.22598160050404 7.75613709747984 17.1
    endloop
  endfacet
  facet normal 0.992479534598707 -0.12241067519924057 0
    outer loop
      vertex 18.236470637455977 7.816586906930798 16.650000000000002
      vertex 18.243980908340248 7.877478574588049 16.650000000000002
      vertex 18.236470637455977 7.816586906930798 17.1
    endloop
  endfacet
  facet normal 0.9972904566786922 -0.07356456359964125 0
    outer loop
      vertex 18.243980908340248 7.877478574588049 16.650000000000002
      vertex 18.248494320256466 7.938665407090728 16.650000000000002
      vertex 18.243980908340248 7.877478574588049 17.1
    endloop
  endfacet
  facet normal 0.9996988186962044 -0.024541228522907587 0
    outer loop
      vertex 18.248494320256466 7.938665407090728 16.650000000000002
      vertex 18.25 8 16.650000000000002
      vertex 18.248494320256466 7.938665407090728 17.1
    endloop
  endfacet
  facet normal 0.8932243011955301 -0.4496113296545774 0
    outer loop
      vertex 18.129986616404302 7.465556133212147 16.650000000000002
      vertex 18.129986616404302 7.465556133212147 17.1
      vertex 18.102401580435444 7.410754078967503 17.1
    endloop
  endfacet
  facet normal 0.9142097557035139 -0.4052413140050277 0
    outer loop
      vertex 18.15484941563911 7.5216457095436375 16.650000000000002
      vertex 18.15484941563911 7.5216457095436375 17.1
      vertex 18.129986616404302 7.465556133212147 17.1
    endloop
  endfacet
  facet normal 0.9329927988347437 -0.35989503653497573 0
    outer loop
      vertex 18.176930081478776 7.578887683259725 16.650000000000002
      vertex 18.176930081478776 7.578887683259725 17.1
      vertex 18.15484941563911 7.5216457095436375 17.1
    endloop
  endfacet
  facet normal 0.9495281805930472 -0.3136817403988597 0
    outer loop
      vertex 18.19617541966526 7.637144153431922 16.650000000000002
      vertex 18.19617541966526 7.637144153431922 17.1
      vertex 18.176930081478776 7.578887683259725 17.1
    endloop
  endfacet
  facet normal 0.9637760657954375 -0.2667127574749066 0
    outer loop
      vertex 18.21253906649318 7.69627477512092 16.650000000000002
      vertex 18.21253906649318 7.69627477512092 17.1
      vertex 18.19617541966526 7.637144153431922 17.1
    endloop
  endfacet
  facet normal 0.9757021300385224 -0.2191012401568975 0
    outer loop
      vertex 18.22598160050404 7.75613709747984 16.650000000000002
      vertex 18.22598160050404 7.75613709747984 17.1
      vertex 18.21253906649318 7.69627477512092 17.1
    endloop
  endfacet
  facet normal 0.9852776423889412 -0.17096188876030144 0
    outer loop
      vertex 18.236470637455977 7.816586906930798 16.650000000000002
      vertex 18.236470637455977 7.816586906930798 17.1
      vertex 18.22598160050404 7.75613709747984 17.1
    endloop
  endfacet
  facet normal 0.992479534598707 -0.12241067519924057 0
    outer loop
      vertex 18.243980908340248 7.877478574588049 16.650000000000002
      vertex 18.243980908340248 7.877478574588049 17.1
      vertex 18.236470637455977 7.816586906930798 17.1
    endloop
  endfacet
  facet normal 0.9972904566786922 -0.07356456359964125 0
    outer loop
      vertex 18.248494320256466 7.938665407090728 16.650000000000002
      vertex 18.248494320256466 7.938665407090728 17.1
      vertex 18.243980908340248 7.877478574588049 17.1
    endloop
  endfacet
  facet normal 0.9996988186962044 -0.024541228522907587 0
    outer loop
      vertex 18.248494320256466 7.938665407090728 17.1
      vertex 18.25 8 16.650000000000002
      vertex 18.25 8 17.1
    endloop
  endfacet
  facet normal 0 0 -1
    outer loop
      vertex 15.751505679743534 7.938665407090728 16.650000000000002
      vertex 15.75 8 16.650000000000002
      vertex 15.751505679743534 8.061334592909272 16.650000000000002
    endloop
  endfacet
  facet normal 0 0 -1
    outer loop
      vertex 15.751505679743534 7.938665407090728 16.650000000000002
      vertex 15.751505679743534 8.061334592909272 16.650000000000002
      vertex 15.756019091659754 8.12252142541195 16.650000000000002
    endloop
  endfacet
  facet normal 0 0 -1
    outer loop
      vertex 15.756019091659754 7.877478574588049 16.650000000000002
      vertex 15.756019091659754 8.12252142541195 16.650000000000002
      vertex 15.763529362544023 8.183413093069202 16.650000000000002
    endloop
  endfacet
  facet normal 0 0 -1
    outer loop
      vertex 15.763529362544023 7.816586906930798 16.650000000000002
      vertex 15.763529362544023 8.183413093069202 16.650000000000002
      vertex 15.774018399495962 8.24386290252016 16.650000000000002
    endloop
  endfacet
  facet normal 0 0 -1
    outer loop
      vertex 15.774018399495962 7.75613709747984 16.650000000000002
      vertex 15.774018399495962 8.24386290252016 16.650000000000002
      vertex 15.78746093350682 8.30372522487908 16.650000000000002
    endloop
  endfacet
  facet normal 0 0 -1
    outer loop
      vertex 15.78746093350682 7.69627477512092 16.650000000000002
      vertex 15.78746093350682 8.30372522487908 16.650000000000002
      vertex 15.803824580334739 8.362855846568078 16.650000000000002
    endloop
  endfacet
  facet normal 0 0 -1
    outer loop
      vertex 15.803824580334739 7.637144153431922 16.650000000000002
      vertex 15.803824580334739 8.362855846568078 16.650000000000002
      vertex 15.823069918521224 8.421112316740276 16.650000000000002
    endloop
  endfacet
  facet normal 0 0 -1
    outer loop
      vertex 15.823069918521224 7.578887683259725 16.650000000000002
      vertex 15.823069918521224 8.421112316740276 16.650000000000002
      vertex 15.84515058436089 8.478354290456362 16.650000000000002
    endloop
  endfacet
  facet normal -0.9996988186962044 0.024541228522907587 0
    outer loop
      vertex 15.75 8 16.650000000000002
      vertex 15.751505679743534 8.061334592909272 17.1
      vertex 15.751505679743534 8.061334592909272 16.650000000000002
    endloop
  endfacet
  facet normal -0.9972904566786899 0.07356456359967112 0
    outer loop
      vertex 15.751505679743534 8.061334592909272 16.650000000000002
      vertex 15.756019091659754 8.12252142541195 17.1
      vertex 15.756019091659754 8.12252142541195 16.650000000000002
    endloop
  endfacet
  facet normal -0.9924795345987106 0.12241067519921028 0
    outer loop
      vertex 15.756019091659754 8.12252142541195 16.650000000000002
      vertex 15.763529362544023 8.183413093069202 17.1
      vertex 15.763529362544023 8.183413093069202 16.650000000000002
    endloop
  endfacet
  facet normal -0.9852776423889412 0.17096188876030144 0
    outer loop
      vertex 15.763529362544023 8.183413093069202 16.650000000000002
      vertex 15.774018399495962 8.24386290252016 17.1
      vertex 15.774018399495962 8.24386290252016 16.650000000000002
    endloop
  endfacet
  facet normal -0.9757021300385292 0.21910124015686683 0
    outer loop
      vertex 15.774018399495962 8.24386290252016 16.650000000000002
      vertex 15.78746093350682 8.30372522487908 17.1
      vertex 15.78746093350682 8.30372522487908 16.650000000000002
    endloop
  endfacet
  facet normal -0.9637760657954366 0.26671275747491036 0
    outer loop
      vertex 15.78746093350682 8.30372522487908 16.650000000000002
      vertex 15.803824580334739 8.362855846568078 17.1
      vertex 15.803824580334739 8.362855846568078 16.650000000000002
    endloop
  endfacet
  facet normal -0.9495281805930399 0.3136817403988814 0
    outer loop
      vertex 15.803824580334739 8.362855846568078 16.650000000000002
      vertex 15.823069918521224 8.421112316740276 17.1
      vertex 15.823069918521224 8.421112316740276 16.650000000000002
    endloop
  endfacet
  facet normal -0.9329927988347417 0.35989503653498056 0
    outer loop
      vertex 15.823069918521224 8.421112316740276 16.650000000000002
      vertex 15.84515058436089 8.478354290456362 17.1
      vertex 15.84515058436089 8.478354290456362 16.650000000000002
    endloop
  endfacet
  facet normal 0 0 -1
    outer loop
      vertex 15.84515058436089 7.5216457095436375 16.650000000000002
      vertex 15.84515058436089 8.478354290456362 16.650000000000002
      vertex 15.870013383595696 8.534443866787853 16.650000000000002
    endloop
  endfacet
  facet normal 0 0 -1
    outer loop
      vertex 15.870013383595696 7.465556133212147 16.650000000000002
      vertex 15.870013383595696 8.534443866787853 16.650000000000002
      vertex 15.897598419564556 8.589245921032497 16.650000000000002
    endloop
  endfacet
  facet normal 0 0 -1
    outer loop
      vertex 15.897598419564556 7.410754078967503 16.650000000000002
      vertex 15.897598419564556 8.589245921032497 16.650000000000002
      vertex 15.92783923749966 8.642628430241528 16.650000000000002
    endloop
  endfacet
  facet normal 0 0 -1
    outer loop
      vertex 15.92783923749966 7.357371569758473 16.650000000000002
      vertex 15.92783923749966 8.642628430241528 16.650000000000002
      vertex 15.960662984621818 8.694462791274503 16.650000000000002
    endloop
  endfacet
  facet normal 0 0 -1
    outer loop
      vertex 15.960662984621818 7.3055372087254975 16.650000000000002
      vertex 15.960662984621818 8.694462791274503 16.650000000000002
      vertex 15.995990585649194 8.744624130615541 16.650000000000002
    endloop
  endfacet
  facet normal 0 0 -1
    outer loop
      vertex 15.995990585649194 7.2553758693844586 16.650000000000002
      vertex 15.995990585649194 8.744624130615541 16.650000000000002
      vertex 16.033736933296577 8.792991605204557 16.650000000000002
    endloop
  endfacet
  facet normal 0 0 -1
    outer loop
      vertex 16.033736933296577 7.207008394795443 16.650000000000002
      vertex 16.033736933296577 8.792991605204557 16.650000000000002
      vertex 16.0738110933063 8.839448693558772 16.650000000000002
    endloop
  endfacet
  facet normal 0 0 -1
    outer loop
      vertex 16.0738110933063 7.160551306441227 16.650000000000002
      vertex 16.0738110933063 8.839448693558772 16.650000000000002
      vertex 16.116116523516816 8.883883476483184 16.650000000000002
    endloop
  endfacet
  facet normal 0 0 -1
    outer loop
      vertex 16.116116523516816 7.116116523516816 16.650000000000002
      vertex 16.116116523516816 8.883883476483184 16.650000000000002
      vertex 16.160551306441228 8.9261889066937 16.650000000000002
    endloop
  endfacet
  facet normal 0 0 -1
    outer loop
      vertex 16.160551306441228 7.073811093306301 16.650000000000002
      vertex 16.160551306441228 8.9261889066937 16.650000000000002
      vertex 16.207008394795444 8.966263066703421 16.650000000000002
    endloop
  endfacet
  facet normal -0.914209755703527 0.40524131400499813 0
    outer loop
      vertex 15.84515058436089 8.478354290456362 16.650000000000002
      vertex 15.870013383595696 8.534443866787853 17.1
      vertex 15.870013383595696 8.534443866787853 16.650000000000002
    endloop
  endfacet
  facet normal -0.9996988186962044 0.024541228522907587 0
    outer loop
      vertex 15.75 8 16.650000000000002
      vertex 15.75 8 17.1
      vertex 15.751505679743534 8.061334592909272 17.1
    endloop
  endfacet
  facet normal -0.9972904566786899 0.07356456359967112 0
    outer loop
      vertex 15.751505679743534 8.061334592909272 16.650000000000002
      vertex 15.751505679743534 8.061334592909272 17.1
      vertex 15.756019091659754 8.12252142541195 17.1
    endloop
  endfacet
  facet normal -0.9924795345987106 0.12241067519921028 0
    outer loop
      vertex 15.756019091659754 8.12252142541195 16.650000000000002
      vertex 15.756019091659754 8.12252142541195 17.1
      vertex 15.763529362544023 8.183413093069202 17.1
    endloop
  endfacet
  facet normal -0.9852776423889412 0.17096188876030144 0
    outer loop
      vertex 15.763529362544023 8.183413093069202 16.650000000000002
      vertex 15.763529362544023 8.183413093069202 17.1
      vertex 15.774018399495962 8.24386290252016 17.1
    endloop
  endfacet
  facet normal -0.9757021300385292 0.21910124015686683 0
    outer loop
      vertex 15.774018399495962 8.24386290252016 16.650000000000002
      vertex 15.774018399495962 8.24386290252016 17.1
      vertex 15.78746093350682 8.30372522487908 17.1
    endloop
  endfacet
  facet normal -0.9637760657954366 0.26671275747491036 0
    outer loop
      vertex 15.78746093350682 8.30372522487908 16.650000000000002
      vertex 15.78746093350682 8.30372522487908 17.1
      vertex 15.803824580334739 8.362855846568078 17.1
    endloop
  endfacet
  facet normal -0.9495281805930399 0.3136817403988814 0
    outer loop
      vertex 15.803824580334739 8.362855846568078 16.650000000000002
      vertex 15.803824580334739 8.362855846568078 17.1
      vertex 15.823069918521224 8.421112316740276 17.1
    endloop
  endfacet
  facet normal -0.9329927988347417 0.35989503653498056 0
    outer loop
      vertex 15.823069918521224 8.421112316740276 16.650000000000002
      vertex 15.823069918521224 8.421112316740276 17.1
      vertex 15.84515058436089 8.478354290456362 17.1
    endloop
  endfacet
  facet normal -0.914209755703527 0.40524131400499813 0
    outer loop
      vertex 15.84515058436089 8.478354290456362 16.650000000000002
      vertex 15.84515058436089 8.478354290456362 17.1
      vertex 15.870013383595696 8.534443866787853 17.1
    endloop
  endfacet
  facet normal -0.8932243011955124 0.4496113296546121 0
    outer loop
      vertex 15.870013383595696 8.534443866787853 16.650000000000002
      vertex 15.870013383595696 8.534443866787853 17.1
      vertex 15.897598419564556 8.589245921032497 17.1
    endloop
  endfacet
  facet normal -0.8932243011955124 0.4496113296546121 0
    outer loop
      vertex 15.870013383595696 8.534443866787853 16.650000000000002
      vertex 15.897598419564556 8.589245921032497 17.1
      vertex 15.897598419564556 8.589245921032497 16.650000000000002
    endloop
  endfacet
  facet normal -0.8700869911087168 0.4928981922297747 0
    outer loop
      vertex 15.897598419564556 8.589245921032497 16.650000000000002
      vertex 15.92783923749966 8.642628430241528 17.1
      vertex 15.92783923749966 8.642628430241528 16.650000000000002
    endloop
  endfacet
  facet normal -0.8448535652497072 0.5349976198870969 0
    outer loop
      vertex 15.92783923749966 8.642628430241528 16.650000000000002
      vertex 15.960662984621818 8.694462791274503 17.1
      vertex 15.960662984621818 8.694462791274503 16.650000000000002
    endloop
  endfacet
  facet normal -0.8175848131515747 0.5758081914178579 0
    outer loop
      vertex 15.960662984621818 8.694462791274503 16.650000000000002
      vertex 15.995990585649194 8.744624130615541 17.1
      vertex 15.995990585649194 8.744624130615541 16.650000000000002
    endloop
  endfacet
  facet normal -0.7883464276266247 0.6152315905806032 0
    outer loop
      vertex 15.995990585649194 8.744624130615541 16.650000000000002
      vertex 16.033736933296577 8.792991605204557 17.1
      vertex 16.033736933296577 8.792991605204557 16.650000000000002
    endloop
  endfacet
  facet normal -0.7572088465064666 0.6531728429537976 0
    outer loop
      vertex 16.033736933296577 8.792991605204557 16.650000000000002
      vertex 16.0738110933063 8.839448693558772 17.1
      vertex 16.0738110933063 8.839448693558772 16.650000000000002
    endloop
  endfacet
  facet normal -0.724247082951469 0.6895405447370647 0
    outer loop
      vertex 16.0738110933063 8.839448693558772 16.650000000000002
      vertex 16.116116523516816 8.883883476483184 17.1
      vertex 16.116116523516816 8.883883476483184 16.650000000000002
    endloop
  endfacet
  facet normal -0.6895405447370647 0.724247082951469 0
    outer loop
      vertex 16.116116523516816 8.883883476483184 16.650000000000002
      vertex 16.116116523516816 8.883883476483184 17.1
      vertex 16.160551306441228 8.9261889066937 16.650000000000002
    endloop
  endfacet
  facet normal -0.6531728429537665 0.7572088465064933 0
    outer loop
      vertex 16.160551306441228 8.9261889066937 16.650000000000002
      vertex 16.160551306441228 8.9261889066937 17.1
      vertex 16.207008394795444 8.966263066703421 16.650000000000002
    endloop
  endfacet
  facet normal -0.8700869911087168 0.4928981922297747 0
    outer loop
      vertex 15.897598419564556 8.589245921032497 16.650000000000002
      vertex 15.897598419564556 8.589245921032497 17.1
      vertex 15.92783923749966 8.642628430241528 17.1
    endloop
  endfacet
  facet normal -0.8448535652497072 0.5349976198870969 0
    outer loop
      vertex 15.92783923749966 8.642628430241528 16.650000000000002
      vertex 15.92783923749966 8.642628430241528 17.1
      vertex 15.960662984621818 8.694462791274503 17.1
    endloop
  endfacet
  facet normal -0.8175848131515747 0.5758081914178579 0
    outer loop
      vertex 15.960662984621818 8.694462791274503 16.650000000000002
      vertex 15.960662984621818 8.694462791274503 17.1
      vertex 15.995990585649194 8.744624130615541 17.1
    endloop
  endfacet
  facet normal -0.7883464276266247 0.6152315905806032 0
    outer loop
      vertex 15.995990585649194 8.744624130615541 16.650000000000002
      vertex 15.995990585649194 8.744624130615541 17.1
      vertex 16.033736933296577 8.792991605204557 17.1
    endloop
  endfacet
  facet normal -0.7572088465064666 0.6531728429537976 0
    outer loop
      vertex 16.033736933296577 8.792991605204557 16.650000000000002
      vertex 16.033736933296577 8.792991605204557 17.1
      vertex 16.0738110933063 8.839448693558772 17.1
    endloop
  endfacet
  facet normal -0.724247082951469 0.6895405447370647 0
    outer loop
      vertex 16.0738110933063 8.839448693558772 16.650000000000002
      vertex 16.0738110933063 8.839448693558772 17.1
      vertex 16.116116523516816 8.883883476483184 17.1
    endloop
  endfacet
  facet normal -0.6895405447370647 0.724247082951469 0
    outer loop
      vertex 16.160551306441228 8.9261889066937 16.650000000000002
      vertex 16.116116523516816 8.883883476483184 17.1
      vertex 16.160551306441228 8.9261889066937 17.1
    endloop
  endfacet
  facet normal 0 0 -1
    outer loop
      vertex 16.207008394795444 7.033736933296579 16.650000000000002
      vertex 16.207008394795444 8.966263066703421 16.650000000000002
      vertex 16.25537586938446 9.004009414350806 16.650000000000002
    endloop
  endfacet
  facet normal 0 0 -1
    outer loop
      vertex 16.25537586938446 6.995990585649194 16.650000000000002
      vertex 16.25537586938446 9.004009414350806 16.650000000000002
      vertex 16.305537208725497 9.039337015378182 16.650000000000002
    endloop
  endfacet
  facet normal 0 0 -1
    outer loop
      vertex 16.305537208725497 6.960662984621818 16.650000000000002
      vertex 16.305537208725497 9.039337015378182 16.650000000000002
      vertex 16.357371569758474 9.07216076250034 16.650000000000002
    endloop
  endfacet
  facet normal 0 0 -1
    outer loop
      vertex 16.357371569758474 6.92783923749966 16.650000000000002
      vertex 16.357371569758474 9.07216076250034 16.650000000000002
      vertex 16.410754078967503 9.102401580435444 16.650000000000002
    endloop
  endfacet
  facet normal 0 0 -1
    outer loop
      vertex 16.410754078967503 6.897598419564556 16.650000000000002
      vertex 16.410754078967503 9.102401580435444 16.650000000000002
      vertex 16.465556133212147 9.129986616404304 16.650000000000002
    endloop
  endfacet
  facet normal 0 0 -1
    outer loop
      vertex 16.465556133212147 6.870013383595696 16.650000000000002
      vertex 16.465556133212147 9.129986616404304 16.650000000000002
      vertex 16.521645709543638 9.15484941563911 16.650000000000002
    endloop
  endfacet
  facet normal 0 0 -1
    outer loop
      vertex 16.521645709543638 6.8451505843608915 16.650000000000002
      vertex 16.521645709543638 9.15484941563911 16.650000000000002
      vertex 16.578887683259726 9.176930081478776 16.650000000000002
    endloop
  endfacet
  facet normal 0 0 -1
    outer loop
      vertex 16.578887683259726 6.823069918521224 16.650000000000002
      vertex 16.578887683259726 9.176930081478776 16.650000000000002
      vertex 16.637144153431922 9.196175419665261 16.650000000000002
    endloop
  endfacet
  facet normal 0 0 -1
    outer loop
      vertex 16.637144153431922 6.803824580334739 16.650000000000002
      vertex 16.637144153431922 9.196175419665261 16.650000000000002
      vertex 16.69627477512092 9.21253906649318 16.650000000000002
    endloop
  endfacet
  facet normal 0 0 -1
    outer loop
      vertex 16.69627477512092 6.78746093350682 16.650000000000002
      vertex 16.69627477512092 9.21253906649318 16.650000000000002
      vertex 16.75613709747984 9.225981600504038 16.650000000000002
    endloop
  endfacet
  facet normal 0 0 -1
    outer loop
      vertex 16.75613709747984 6.7740183994959615 16.650000000000002
      vertex 16.75613709747984 9.225981600504038 16.650000000000002
      vertex 16.816586906930798 9.236470637455977 16.650000000000002
    endloop
  endfacet
  facet normal 0 0 -1
    outer loop
      vertex 16.816586906930798 6.763529362544023 16.650000000000002
      vertex 16.816586906930798 9.236470637455977 16.650000000000002
      vertex 16.87747857458805 9.243980908340246 16.650000000000002
    endloop
  endfacet
  facet normal -0.6152315905806351 0.7883464276265998 0
    outer loop
      vertex 16.207008394795444 8.966263066703421 16.650000000000002
      vertex 16.207008394795444 8.966263066703421 17.1
      vertex 16.25537586938446 9.004009414350806 16.650000000000002
    endloop
  endfacet
  facet normal -0.5758081914178579 0.8175848131515747 0
    outer loop
      vertex 16.25537586938446 9.004009414350806 16.650000000000002
      vertex 16.25537586938446 9.004009414350806 17.1
      vertex 16.305537208725497 9.039337015378182 16.650000000000002
    endloop
  endfacet
  facet normal -0.5349976198870838 0.8448535652497156 0
    outer loop
      vertex 16.305537208725497 9.039337015378182 16.650000000000002
      vertex 16.305537208725497 9.039337015378182 17.1
      vertex 16.357371569758474 9.07216076250034 16.650000000000002
    endloop
  endfacet
  facet normal -0.49289819222978715 0.8700869911087098 0
    outer loop
      vertex 16.357371569758474 9.07216076250034 16.650000000000002
      vertex 16.357371569758474 9.07216076250034 17.1
      vertex 16.410754078967503 9.102401580435444 16.650000000000002
    endloop
  endfacet
  facet normal -0.4496113296546121 0.8932243011955124 0
    outer loop
      vertex 16.410754078967503 9.102401580435444 16.650000000000002
      vertex 16.410754078967503 9.102401580435444 17.1
      vertex 16.465556133212147 9.129986616404304 16.650000000000002
    endloop
  endfacet
  facet normal -0.6531728429537665 0.7572088465064933 0
    outer loop
      vertex 16.207008394795444 8.966263066703421 16.650000000000002
      vertex 16.160551306441228 8.9261889066937 17.1
      vertex 16.207008394795444 8.966263066703421 17.1
    endloop
  endfacet
  facet normal -0.6152315905806351 0.7883464276265998 0
    outer loop
      vertex 16.25537586938446 9.004009414350806 16.650000000000002
      vertex 16.207008394795444 8.966263066703421 17.1
      vertex 16.25537586938446 9.004009414350806 17.1
    endloop
  endfacet
  facet normal -0.5758081914178579 0.8175848131515747 0
    outer loop
      vertex 16.305537208725497 9.039337015378182 16.650000000000002
      vertex 16.25537586938446 9.004009414350806 17.1
      vertex 16.305537208725497 9.039337015378182 17.1
    endloop
  endfacet
  facet normal -0.5349976198870838 0.8448535652497156 0
    outer loop
      vertex 16.357371569758474 9.07216076250034 16.650000000000002
      vertex 16.305537208725497 9.039337015378182 17.1
      vertex 16.357371569758474 9.07216076250034 17.1
    endloop
  endfacet
  facet normal -0.49289819222978715 0.8700869911087098 0
    outer loop
      vertex 16.410754078967503 9.102401580435444 16.650000000000002
      vertex 16.357371569758474 9.07216076250034 17.1
      vertex 16.410754078967503 9.102401580435444 17.1
    endloop
  endfacet
  facet normal -0.4496113296546121 0.8932243011955124 0
    outer loop
      vertex 16.410754078967503 9.102401580435444 17.1
      vertex 16.465556133212147 9.129986616404304 17.1
      vertex 16.465556133212147 9.129986616404304 16.650000000000002
    endloop
  endfacet
  facet normal -0.40524131400499813 0.914209755703527 0
    outer loop
      vertex 16.465556133212147 9.129986616404304 16.650000000000002
      vertex 16.465556133212147 9.129986616404304 17.1
      vertex 16.521645709543638 9.15484941563911 16.650000000000002
    endloop
  endfacet
  facet normal -0.3598950365349708 0.9329927988347455 0
    outer loop
      vertex 16.521645709543638 9.15484941563911 16.650000000000002
      vertex 16.521645709543638 9.15484941563911 17.1
      vertex 16.578887683259726 9.176930081478776 16.650000000000002
    endloop
  endfacet
  facet normal -0.3136817403988901 0.9495281805930371 0
    outer loop
      vertex 16.578887683259726 9.176930081478776 16.650000000000002
      vertex 16.578887683259726 9.176930081478776 17.1
      vertex 16.637144153431922 9.196175419665261 16.650000000000002
    endloop
  endfacet
  facet normal -0.26671275747491036 0.9637760657954366 0
    outer loop
      vertex 16.637144153431922 9.196175419665261 16.650000000000002
      vertex 16.637144153431922 9.196175419665261 17.1
      vertex 16.69627477512092 9.21253906649318 16.650000000000002
    endloop
  endfacet
  facet normal -0.21910124015686683 0.9757021300385292 0
    outer loop
      vertex 16.69627477512092 9.21253906649318 16.650000000000002
      vertex 16.69627477512092 9.21253906649318 17.1
      vertex 16.75613709747984 9.225981600504038 16.650000000000002
    endloop
  endfacet
  facet normal -0.17096188876030144 0.9852776423889412 0
    outer loop
      vertex 16.75613709747984 9.225981600504038 16.650000000000002
      vertex 16.75613709747984 9.225981600504038 17.1
      vertex 16.816586906930798 9.236470637455977 16.650000000000002
    endloop
  endfacet
  facet normal -0.12241067519921028 0.9924795345987106 0
    outer loop
      vertex 16.816586906930798 9.236470637455977 16.650000000000002
      vertex 16.816586906930798 9.236470637455977 17.1
      vertex 16.87747857458805 9.243980908340246 16.650000000000002
    endloop
  endfacet
  facet normal -0.40524131400499813 0.914209755703527 0
    outer loop
      vertex 16.521645709543638 9.15484941563911 16.650000000000002
      vertex 16.465556133212147 9.129986616404304 17.1
      vertex 16.521645709543638 9.15484941563911 17.1
    endloop
  endfacet
  facet normal -0.3598950365349708 0.9329927988347455 0
    outer loop
      vertex 16.578887683259726 9.176930081478776 16.650000000000002
      vertex 16.521645709543638 9.15484941563911 17.1
      vertex 16.578887683259726 9.176930081478776 17.1
    endloop
  endfacet
  facet normal -0.3136817403988901 0.9495281805930371 0
    outer loop
      vertex 16.637144153431922 9.196175419665261 16.650000000000002
      vertex 16.578887683259726 9.176930081478776 17.1
      vertex 16.637144153431922 9.196175419665261 17.1
    endloop
  endfacet
  facet normal -0.26671275747491036 0.9637760657954366 0
    outer loop
      vertex 16.69627477512092 9.21253906649318 16.650000000000002
      vertex 16.637144153431922 9.196175419665261 17.1
      vertex 16.69627477512092 9.21253906649318 17.1
    endloop
  endfacet
  facet normal -0.21910124015686683 0.9757021300385292 0
    outer loop
      vertex 16.75613709747984 9.225981600504038 16.650000000000002
      vertex 16.69627477512092 9.21253906649318 17.1
      vertex 16.75613709747984 9.225981600504038 17.1
    endloop
  endfacet
  facet normal -0.17096188876030144 0.9852776423889412 0
    outer loop
      vertex 16.816586906930798 9.236470637455977 16.650000000000002
      vertex 16.75613709747984 9.225981600504038 17.1
      vertex 16.816586906930798 9.236470637455977 17.1
    endloop
  endfacet
  facet normal -0.12241067519921028 0.9924795345987106 0
    outer loop
      vertex 16.816586906930798 9.236470637455977 17.1
      vertex 16.87747857458805 9.243980908340246 17.1
      vertex 16.87747857458805 9.243980908340246 16.650000000000002
    endloop
  endfacet
  facet normal 0 0 -1
    outer loop
      vertex 16.87747857458805 6.756019091659754 16.650000000000002
      vertex 16.87747857458805 9.243980908340246 16.650000000000002
      vertex 16.938665407090728 9.248494320256466 16.650000000000002
    endloop
  endfacet
  facet normal 0 0 -1
    outer loop
      vertex 16.938665407090728 6.751505679743534 16.650000000000002
      vertex 16.938665407090728 9.248494320256466 16.650000000000002
      vertex 17 9.25 16.650000000000002
    endloop
  endfacet
  facet normal 0 0 -1
    outer loop
      vertex 17 6.75 16.650000000000002
      vertex 17 9.25 16.650000000000002
      vertex 17.061334592909272 9.248494320256466 16.650000000000002
    endloop
  endfacet
  facet normal 0 0 -1
    outer loop
      vertex 17.061334592909272 6.751505679743534 16.650000000000002
      vertex 17.061334592909272 9.248494320256466 16.650000000000002
      vertex 17.12252142541195 9.243980908340246 16.650000000000002
    endloop
  endfacet
  facet normal 0 0 -1
    outer loop
      vertex 17.12252142541195 6.756019091659754 16.650000000000002
      vertex 17.12252142541195 9.243980908340246 16.650000000000002
      vertex 17.183413093069202 9.236470637455977 16.650000000000002
    endloop
  endfacet
  facet normal 0 0 -1
    outer loop
      vertex 17.183413093069202 6.763529362544023 16.650000000000002
      vertex 17.183413093069202 9.236470637455977 16.650000000000002
      vertex 17.24386290252016 9.225981600504038 16.650000000000002
    endloop
  endfacet
  facet normal 0 0 -1
    outer loop
      vertex 17.24386290252016 6.7740183994959615 16.650000000000002
      vertex 17.24386290252016 9.225981600504038 16.650000000000002
      vertex 17.30372522487908 9.21253906649318 16.650000000000002
    endloop
  endfacet
  facet normal 0 0 -1
    outer loop
      vertex 17.30372522487908 6.78746093350682 16.650000000000002
      vertex 17.30372522487908 9.21253906649318 16.650000000000002
      vertex 17.362855846568078 9.196175419665261 16.650000000000002
    endloop
  endfacet
  facet normal 0 0 -1
    outer loop
      vertex 17.362855846568078 6.803824580334739 16.650000000000002
      vertex 17.362855846568078 9.196175419665261 16.650000000000002
      vertex 17.421112316740274 9.176930081478776 16.650000000000002
    endloop
  endfacet
  facet normal 0 0 -1
    outer loop
      vertex 17.421112316740274 6.823069918521224 16.650000000000002
      vertex 17.421112316740274 9.176930081478776 16.650000000000002
      vertex 17.478354290456362 9.15484941563911 16.650000000000002
    endloop
  endfacet
  facet normal 0 0 -1
    outer loop
      vertex 17.478354290456362 6.8451505843608915 16.650000000000002
      vertex 17.478354290456362 9.15484941563911 16.650000000000002
      vertex 17.534443866787853 9.129986616404304 16.650000000000002
    endloop
  endfacet
  facet normal 0 0 -1
    outer loop
      vertex 17.534443866787853 6.870013383595696 16.650000000000002
      vertex 17.534443866787853 9.129986616404304 16.650000000000002
      vertex 17.589245921032497 9.102401580435444 16.650000000000002
    endloop
  endfacet
  facet normal 0.4496113296546121 0.8932243011955124 0
    outer loop
      vertex 17.589245921032497 9.102401580435444 16.650000000000002
      vertex 17.534443866787853 9.129986616404304 16.650000000000002
      vertex 17.534443866787853 9.129986616404304 17.1
    endloop
  endfacet
  facet normal 0 0 -1
    outer loop
      vertex 17.883883476483184 7.116116523516816 16.650000000000002
      vertex 17.883883476483184 8.883883476483184 16.650000000000002
      vertex 17.9261889066937 8.839448693558772 16.650000000000002
    endloop
  endfacet
  facet normal 0 0 -1
    outer loop
      vertex 17.589245921032497 6.897598419564556 16.650000000000002
      vertex 17.589245921032497 9.102401580435444 16.650000000000002
      vertex 17.642628430241526 9.07216076250034 16.650000000000002
    endloop
  endfacet
  facet normal 0 0 -1
    outer loop
      vertex 17.642628430241526 6.92783923749966 16.650000000000002
      vertex 17.642628430241526 9.07216076250034 16.650000000000002
      vertex 17.694462791274503 9.039337015378182 16.650000000000002
    endloop
  endfacet
  facet normal 0 0 -1
    outer loop
      vertex 17.694462791274503 6.960662984621818 16.650000000000002
      vertex 17.694462791274503 9.039337015378182 16.650000000000002
      vertex 17.74462413061554 9.004009414350806 16.650000000000002
    endloop
  endfacet
  facet normal 0 0 -1
    outer loop
      vertex 17.74462413061554 6.995990585649194 16.650000000000002
      vertex 17.74462413061554 9.004009414350806 16.650000000000002
      vertex 17.792991605204556 8.966263066703421 16.650000000000002
    endloop
  endfacet
  facet normal 0 0 -1
    outer loop
      vertex 17.792991605204556 7.033736933296579 16.650000000000002
      vertex 17.792991605204556 8.966263066703421 16.650000000000002
      vertex 17.839448693558772 8.9261889066937 16.650000000000002
    endloop
  endfacet
  facet normal 0 0 -1
    outer loop
      vertex 17.839448693558772 7.073811093306301 16.650000000000002
      vertex 17.839448693558772 8.9261889066937 16.650000000000002
      vertex 17.883883476483184 8.883883476483184 16.650000000000002
    endloop
  endfacet
  facet normal 0 0 -1
    outer loop
      vertex 17.9261889066937 7.160551306441227 16.650000000000002
      vertex 17.9261889066937 8.839448693558772 16.650000000000002
      vertex 17.966263066703423 8.792991605204557 16.650000000000002
    endloop
  endfacet
  facet normal 0 0 -1
    outer loop
      vertex 17.966263066703423 7.207008394795443 16.650000000000002
      vertex 17.966263066703423 8.792991605204557 16.650000000000002
      vertex 18.004009414350808 8.744624130615541 16.650000000000002
    endloop
  endfacet
  facet normal 0 0 -1
    outer loop
      vertex 18.004009414350808 7.2553758693844586 16.650000000000002
      vertex 18.004009414350808 8.744624130615541 16.650000000000002
      vertex 18.03933701537818 8.694462791274503 16.650000000000002
    endloop
  endfacet
  facet normal 0 0 -1
    outer loop
      vertex 18.03933701537818 7.3055372087254975 16.650000000000002
      vertex 18.03933701537818 8.694462791274503 16.650000000000002
      vertex 18.07216076250034 8.642628430241528 16.650000000000002
    endloop
  endfacet
  facet normal 0 0 -1
    outer loop
      vertex 18.15484941563911 7.5216457095436375 16.650000000000002
      vertex 18.15484941563911 8.478354290456362 16.650000000000002
      vertex 18.176930081478776 8.421112316740276 16.650000000000002
    endloop
  endfacet
  facet normal 0 0 -1
    outer loop
      vertex 18.248494320256466 7.938665407090728 16.650000000000002
      vertex 18.248494320256466 8.061334592909272 16.650000000000002
      vertex 18.25 8 16.650000000000002
    endloop
  endfacet
  facet normal 0 0 -1
    outer loop
      vertex 18.243980908340248 7.877478574588049 16.650000000000002
      vertex 18.243980908340248 8.12252142541195 16.650000000000002
      vertex 18.248494320256466 8.061334592909272 16.650000000000002
    endloop
  endfacet
  facet normal 0 0 -1
    outer loop
      vertex 18.236470637455977 7.816586906930798 16.650000000000002
      vertex 18.236470637455977 8.183413093069202 16.650000000000002
      vertex 18.243980908340248 8.12252142541195 16.650000000000002
    endloop
  endfacet
  facet normal 0 0 -1
    outer loop
      vertex 18.22598160050404 7.75613709747984 16.650000000000002
      vertex 18.22598160050404 8.24386290252016 16.650000000000002
      vertex 18.236470637455977 8.183413093069202 16.650000000000002
    endloop
  endfacet
  facet normal 0 0 -1
    outer loop
      vertex 18.19617541966526 7.637144153431922 16.650000000000002
      vertex 18.19617541966526 8.362855846568078 16.650000000000002
      vertex 18.21253906649318 8.30372522487908 16.650000000000002
    endloop
  endfacet
  facet normal 0 0 -1
    outer loop
      vertex 18.176930081478776 7.578887683259725 16.650000000000002
      vertex 18.176930081478776 8.421112316740276 16.650000000000002
      vertex 18.19617541966526 8.362855846568078 16.650000000000002
    endloop
  endfacet
  facet normal 0 0 -1
    outer loop
      vertex 18.21253906649318 7.69627477512092 16.650000000000002
      vertex 18.21253906649318 8.30372522487908 16.650000000000002
      vertex 18.22598160050404 8.24386290252016 16.650000000000002
    endloop
  endfacet
  facet normal 0 0 -1
    outer loop
      vertex 18.07216076250034 7.357371569758473 16.650000000000002
      vertex 18.07216076250034 8.642628430241528 16.650000000000002
      vertex 18.102401580435444 8.589245921032497 16.650000000000002
    endloop
  endfacet
  facet normal 0 0 -1
    outer loop
      vertex 18.102401580435444 7.410754078967503 16.650000000000002
      vertex 18.102401580435444 8.589245921032497 16.650000000000002
      vertex 18.129986616404302 8.534443866787853 16.650000000000002
    endloop
  endfacet
  facet normal 0 0 -1
    outer loop
      vertex 18.129986616404302 7.465556133212147 16.650000000000002
      vertex 18.129986616404302 8.534443866787853 16.650000000000002
      vertex 18.15484941563911 8.478354290456362 16.650000000000002
    endloop
  endfacet
  facet normal 0.9996988186962044 0.024541228522907587 0
    outer loop
      vertex 18.248494320256466 8.061334592909272 16.650000000000002
      vertex 18.25 8 17.1
      vertex 18.25 8 16.650000000000002
    endloop
  endfacet
  facet normal 0.997290456678692 0.07356456359964232 0
    outer loop
      vertex 18.248494320256466 8.061334592909272 16.650000000000002
      vertex 18.243980908340248 8.12252142541195 16.650000000000002
      vertex 18.248494320256466 8.061334592909272 17.1
    endloop
  endfacet
  facet normal 0.9924795345987072 0.1224106751992388 0
    outer loop
      vertex 18.243980908340248 8.12252142541195 16.650000000000002
      vertex 18.236470637455977 8.183413093069202 16.650000000000002
      vertex 18.243980908340248 8.12252142541195 17.1
    endloop
  endfacet
  facet normal 0.9852776423889412 0.17096188876030144 0
    outer loop
      vertex 18.236470637455977 8.183413093069202 16.650000000000002
      vertex 18.22598160050404 8.24386290252016 16.650000000000002
      vertex 18.236470637455977 8.183413093069202 17.1
    endloop
  endfacet
  facet normal 0.975702130038523 0.2191012401568944 0
    outer loop
      vertex 18.22598160050404 8.24386290252016 16.650000000000002
      vertex 18.21253906649318 8.30372522487908 16.650000000000002
      vertex 18.22598160050404 8.24386290252016 17.1
    endloop
  endfacet
  facet normal 0.9637760657954366 0.26671275747491036 0
    outer loop
      vertex 18.21253906649318 8.30372522487908 16.650000000000002
      vertex 18.19617541966526 8.362855846568078 16.650000000000002
      vertex 18.21253906649318 8.30372522487908 17.1
    endloop
  endfacet
  facet normal 0.9495281805930487 0.3136817403988554 0
    outer loop
      vertex 18.19617541966526 8.362855846568078 16.650000000000002
      vertex 18.176930081478776 8.421112316740276 16.650000000000002
      vertex 18.19617541966526 8.362855846568078 17.1
    endloop
  endfacet
  facet normal 0.8932243011955242 0.44961132965458905 0
    outer loop
      vertex 18.129986616404302 8.534443866787853 16.650000000000002
      vertex 18.102401580435444 8.589245921032497 16.650000000000002
      vertex 18.129986616404302 8.534443866787853 17.1
    endloop
  endfacet
  facet normal 0.9142097557035163 0.40524131400502234 0
    outer loop
      vertex 18.15484941563911 8.478354290456362 16.650000000000002
      vertex 18.129986616404302 8.534443866787853 16.650000000000002
      vertex 18.15484941563911 8.478354290456362 17.1
    endloop
  endfacet
  facet normal 0.9329927988347417 0.35989503653498056 0
    outer loop
      vertex 18.176930081478776 8.421112316740276 16.650000000000002
      vertex 18.15484941563911 8.478354290456362 16.650000000000002
      vertex 18.176930081478776 8.421112316740276 17.1
    endloop
  endfacet
  facet normal 0.9996988186962044 0.024541228522907587 0
    outer loop
      vertex 18.248494320256466 8.061334592909272 16.650000000000002
      vertex 18.248494320256466 8.061334592909272 17.1
      vertex 18.25 8 17.1
    endloop
  endfacet
  facet normal 0.997290456678692 0.07356456359964232 0
    outer loop
      vertex 18.243980908340248 8.12252142541195 16.650000000000002
      vertex 18.243980908340248 8.12252142541195 17.1
      vertex 18.248494320256466 8.061334592909272 17.1
    endloop
  endfacet
  facet normal 0.9924795345987072 0.1224106751992388 0
    outer loop
      vertex 18.236470637455977 8.183413093069202 16.650000000000002
      vertex 18.236470637455977 8.183413093069202 17.1
      vertex 18.243980908340248 8.12252142541195 17.1
    endloop
  endfacet
  facet normal 0.9852776423889412 0.17096188876030144 0
    outer loop
      vertex 18.22598160050404 8.24386290252016 16.650000000000002
      vertex 18.22598160050404 8.24386290252016 17.1
      vertex 18.236470637455977 8.183413093069202 17.1
    endloop
  endfacet
  facet normal 0.9637760657954366 0.26671275747491036 0
    outer loop
      vertex 18.19617541966526 8.362855846568078 16.650000000000002
      vertex 18.19617541966526 8.362855846568078 17.1
      vertex 18.21253906649318 8.30372522487908 17.1
    endloop
  endfacet
  facet normal 0.975702130038523 0.2191012401568944 0
    outer loop
      vertex 18.21253906649318 8.30372522487908 16.650000000000002
      vertex 18.21253906649318 8.30372522487908 17.1
      vertex 18.22598160050404 8.24386290252016 17.1
    endloop
  endfacet
  facet normal 0.9495281805930487 0.3136817403988554 0
    outer loop
      vertex 18.176930081478776 8.421112316740276 16.650000000000002
      vertex 18.176930081478776 8.421112316740276 17.1
      vertex 18.19617541966526 8.362855846568078 17.1
    endloop
  endfacet
  facet normal 0.9329927988347417 0.35989503653498056 0
    outer loop
      vertex 18.15484941563911 8.478354290456362 16.650000000000002
      vertex 18.15484941563911 8.478354290456362 17.1
      vertex 18.176930081478776 8.421112316740276 17.1
    endloop
  endfacet
  facet normal 0.9142097557035163 0.40524131400502234 0
    outer loop
      vertex 18.129986616404302 8.534443866787853 16.650000000000002
      vertex 18.129986616404302 8.534443866787853 17.1
      vertex 18.15484941563911 8.478354290456362 17.1
    endloop
  endfacet
  facet normal 0.49289819222978715 0.8700869911087098 0
    outer loop
      vertex 17.589245921032497 9.102401580435444 16.650000000000002
      vertex 17.589245921032497 9.102401580435444 17.1
      vertex 17.642628430241526 9.07216076250034 16.650000000000002
    endloop
  endfacet
  facet normal 0.5758081914178579 0.8175848131515747 0
    outer loop
      vertex 17.694462791274503 9.039337015378182 16.650000000000002
      vertex 17.694462791274503 9.039337015378182 17.1
      vertex 17.74462413061554 9.004009414350806 16.650000000000002
    endloop
  endfacet
  facet normal 0.5349976198870838 0.8448535652497156 0
    outer loop
      vertex 17.642628430241526 9.07216076250034 16.650000000000002
      vertex 17.642628430241526 9.07216076250034 17.1
      vertex 17.694462791274503 9.039337015378182 16.650000000000002
    endloop
  endfacet
  facet normal 0.6531728429537665 0.7572088465064933 0
    outer loop
      vertex 17.792991605204556 8.966263066703421 16.650000000000002
      vertex 17.792991605204556 8.966263066703421 17.1
      vertex 17.839448693558772 8.9261889066937 16.650000000000002
    endloop
  endfacet
  facet normal 0.6895405447370647 0.724247082951469 0
    outer loop
      vertex 17.883883476483184 8.883883476483184 16.650000000000002
      vertex 17.839448693558772 8.9261889066937 16.650000000000002
      vertex 17.839448693558772 8.9261889066937 17.1
    endloop
  endfacet
  facet normal 0.6152315905806351 0.7883464276265998 0
    outer loop
      vertex 17.792991605204556 8.966263066703421 16.650000000000002
      vertex 17.74462413061554 9.004009414350806 16.650000000000002
      vertex 17.74462413061554 9.004009414350806 17.1
    endloop
  endfacet
  facet normal 0.8448535652497072 0.5349976198870969 0
    outer loop
      vertex 18.07216076250034 8.642628430241528 16.650000000000002
      vertex 18.03933701537818 8.694462791274503 16.650000000000002
      vertex 18.07216076250034 8.642628430241528 17.1
    endloop
  endfacet
  facet normal 0.7883464276266108 0.6152315905806212 0
    outer loop
      vertex 17.966263066703423 8.792991605204557 16.650000000000002
      vertex 18.004009414350808 8.744624130615541 17.1
      vertex 18.004009414350808 8.744624130615541 16.650000000000002
    endloop
  endfacet
  facet normal 0.7572088465064666 0.6531728429537976 0
    outer loop
      vertex 17.9261889066937 8.839448693558772 16.650000000000002
      vertex 17.966263066703423 8.792991605204557 17.1
      vertex 17.966263066703423 8.792991605204557 16.650000000000002
    endloop
  endfacet
  facet normal 0.817584813151602 0.5758081914178192 0
    outer loop
      vertex 18.03933701537818 8.694462791274503 16.650000000000002
      vertex 18.004009414350808 8.744624130615541 16.650000000000002
      vertex 18.03933701537818 8.694462791274503 17.1
    endloop
  endfacet
  facet normal 0.8700869911087044 0.4928981922297966 0
    outer loop
      vertex 18.07216076250034 8.642628430241528 16.650000000000002
      vertex 18.102401580435444 8.589245921032497 17.1
      vertex 18.102401580435444 8.589245921032497 16.650000000000002
    endloop
  endfacet
  facet normal 0.724247082951469 0.6895405447370647 0
    outer loop
      vertex 17.883883476483184 8.883883476483184 16.650000000000002
      vertex 17.9261889066937 8.839448693558772 17.1
      vertex 17.9261889066937 8.839448693558772 16.650000000000002
    endloop
  endfacet
  facet normal 0.4496113296546121 0.8932243011955124 0
    outer loop
      vertex 17.589245921032497 9.102401580435444 16.650000000000002
      vertex 17.534443866787853 9.129986616404304 17.1
      vertex 17.589245921032497 9.102401580435444 17.1
    endloop
  endfacet
  facet normal 0.49289819222978715 0.8700869911087098 0
    outer loop
      vertex 17.642628430241526 9.07216076250034 16.650000000000002
      vertex 17.589245921032497 9.102401580435444 17.1
      vertex 17.642628430241526 9.07216076250034 17.1
    endloop
  endfacet
  facet normal 0.5349976198870838 0.8448535652497156 0
    outer loop
      vertex 17.694462791274503 9.039337015378182 16.650000000000002
      vertex 17.642628430241526 9.07216076250034 17.1
      vertex 17.694462791274503 9.039337015378182 17.1
    endloop
  endfacet
  facet normal 0.5758081914178579 0.8175848131515747 0
    outer loop
      vertex 17.74462413061554 9.004009414350806 16.650000000000002
      vertex 17.694462791274503 9.039337015378182 17.1
      vertex 17.74462413061554 9.004009414350806 17.1
    endloop
  endfacet
  facet normal 0.6152315905806351 0.7883464276265998 0
    outer loop
      vertex 17.792991605204556 8.966263066703421 16.650000000000002
      vertex 17.74462413061554 9.004009414350806 17.1
      vertex 17.792991605204556 8.966263066703421 17.1
    endloop
  endfacet
  facet normal 0.724247082951469 0.6895405447370647 0
    outer loop
      vertex 17.883883476483184 8.883883476483184 16.650000000000002
      vertex 17.883883476483184 8.883883476483184 17.1
      vertex 17.9261889066937 8.839448693558772 17.1
    endloop
  endfacet
  facet normal 0.6895405447370647 0.724247082951469 0
    outer loop
      vertex 17.883883476483184 8.883883476483184 16.650000000000002
      vertex 17.839448693558772 8.9261889066937 17.1
      vertex 17.883883476483184 8.883883476483184 17.1
    endloop
  endfacet
  facet normal 0.6531728429537665 0.7572088465064933 0
    outer loop
      vertex 17.839448693558772 8.9261889066937 16.650000000000002
      vertex 17.792991605204556 8.966263066703421 17.1
      vertex 17.839448693558772 8.9261889066937 17.1
    endloop
  endfacet
  facet normal 0.8448535652497072 0.5349976198870969 0
    outer loop
      vertex 18.03933701537818 8.694462791274503 16.650000000000002
      vertex 18.03933701537818 8.694462791274503 17.1
      vertex 18.07216076250034 8.642628430241528 17.1
    endloop
  endfacet
  facet normal 0.7572088465064666 0.6531728429537976 0
    outer loop
      vertex 17.9261889066937 8.839448693558772 16.650000000000002
      vertex 17.9261889066937 8.839448693558772 17.1
      vertex 17.966263066703423 8.792991605204557 17.1
    endloop
  endfacet
  facet normal 0.7883464276266108 0.6152315905806212 0
    outer loop
      vertex 17.966263066703423 8.792991605204557 16.650000000000002
      vertex 17.966263066703423 8.792991605204557 17.1
      vertex 18.004009414350808 8.744624130615541 17.1
    endloop
  endfacet
  facet normal 0.817584813151602 0.5758081914178192 0
    outer loop
      vertex 18.004009414350808 8.744624130615541 16.650000000000002
      vertex 18.004009414350808 8.744624130615541 17.1
      vertex 18.03933701537818 8.694462791274503 17.1
    endloop
  endfacet
  facet normal 0.8932243011955242 0.44961132965458905 0
    outer loop
      vertex 18.102401580435444 8.589245921032497 16.650000000000002
      vertex 18.102401580435444 8.589245921032497 17.1
      vertex 18.129986616404302 8.534443866787853 17.1
    endloop
  endfacet
  facet normal 0.8700869911087044 0.4928981922297966 0
    outer loop
      vertex 18.07216076250034 8.642628430241528 16.650000000000002
      vertex 18.07216076250034 8.642628430241528 17.1
      vertex 18.102401580435444 8.589245921032497 17.1
    endloop
  endfacet
  facet normal -0.07356456359967112 0.9972904566786899 0
    outer loop
      vertex 16.87747857458805 9.243980908340246 16.650000000000002
      vertex 16.87747857458805 9.243980908340246 17.1
      vertex 16.938665407090728 9.248494320256466 16.650000000000002
    endloop
  endfacet
  facet normal -0.024541228522907587 0.9996988186962044 0
    outer loop
      vertex 16.938665407090728 9.248494320256466 16.650000000000002
      vertex 16.938665407090728 9.248494320256466 17.1
      vertex 17 9.25 16.650000000000002
    endloop
  endfacet
  facet normal 0.024541228522907587 0.9996988186962044 0
    outer loop
      vertex 17 9.25 16.650000000000002
      vertex 17 9.25 17.1
      vertex 17.061334592909272 9.248494320256466 16.650000000000002
    endloop
  endfacet
  facet normal 0.07356456359967112 0.9972904566786899 0
    outer loop
      vertex 17.061334592909272 9.248494320256466 16.650000000000002
      vertex 17.061334592909272 9.248494320256466 17.1
      vertex 17.12252142541195 9.243980908340246 16.650000000000002
    endloop
  endfacet
  facet normal 0.12241067519921028 0.9924795345987106 0
    outer loop
      vertex 17.12252142541195 9.243980908340246 16.650000000000002
      vertex 17.12252142541195 9.243980908340246 17.1
      vertex 17.183413093069202 9.236470637455977 16.650000000000002
    endloop
  endfacet
  facet normal 0.17096188876030144 0.9852776423889412 0
    outer loop
      vertex 17.183413093069202 9.236470637455977 16.650000000000002
      vertex 17.183413093069202 9.236470637455977 17.1
      vertex 17.24386290252016 9.225981600504038 16.650000000000002
    endloop
  endfacet
  facet normal 0.21910124015686683 0.9757021300385292 0
    outer loop
      vertex 17.24386290252016 9.225981600504038 16.650000000000002
      vertex 17.24386290252016 9.225981600504038 17.1
      vertex 17.30372522487908 9.21253906649318 16.650000000000002
    endloop
  endfacet
  facet normal 0.3136817403988901 0.9495281805930371 0
    outer loop
      vertex 17.362855846568078 9.196175419665261 16.650000000000002
      vertex 17.362855846568078 9.196175419665261 17.1
      vertex 17.421112316740274 9.176930081478776 16.650000000000002
    endloop
  endfacet
  facet normal 0.26671275747491036 0.9637760657954366 0
    outer loop
      vertex 17.30372522487908 9.21253906649318 16.650000000000002
      vertex 17.30372522487908 9.21253906649318 17.1
      vertex 17.362855846568078 9.196175419665261 16.650000000000002
    endloop
  endfacet
  facet normal 0.3598950365349708 0.9329927988347455 0
    outer loop
      vertex 17.421112316740274 9.176930081478776 16.650000000000002
      vertex 17.421112316740274 9.176930081478776 17.1
      vertex 17.478354290456362 9.15484941563911 16.650000000000002
    endloop
  endfacet
  facet normal 0.40524131400499813 0.914209755703527 0
    outer loop
      vertex 17.478354290456362 9.15484941563911 16.650000000000002
      vertex 17.478354290456362 9.15484941563911 17.1
      vertex 17.534443866787853 9.129986616404304 16.650000000000002
    endloop
  endfacet
  facet normal -0.07356456359967112 0.9972904566786899 0
    outer loop
      vertex 16.938665407090728 9.248494320256466 16.650000000000002
      vertex 16.87747857458805 9.243980908340246 17.1
      vertex 16.938665407090728 9.248494320256466 17.1
    endloop
  endfacet
  facet normal -0.024541228522907587 0.9996988186962044 0
    outer loop
      vertex 17 9.25 16.650000000000002
      vertex 16.938665407090728 9.248494320256466 17.1
      vertex 17 9.25 17.1
    endloop
  endfacet
  facet normal 0.024541228522907587 0.9996988186962044 0
    outer loop
      vertex 17.061334592909272 9.248494320256466 16.650000000000002
      vertex 17 9.25 17.1
      vertex 17.061334592909272 9.248494320256466 17.1
    endloop
  endfacet
  facet normal 0.07356456359967112 0.9972904566786899 0
    outer loop
      vertex 17.12252142541195 9.243980908340246 16.650000000000002
      vertex 17.061334592909272 9.248494320256466 17.1
      vertex 17.12252142541195 9.243980908340246 17.1
    endloop
  endfacet
  facet normal 0.12241067519921028 0.9924795345987106 0
    outer loop
      vertex 17.183413093069202 9.236470637455977 16.650000000000002
      vertex 17.12252142541195 9.243980908340246 17.1
      vertex 17.183413093069202 9.236470637455977 17.1
    endloop
  endfacet
  facet normal 0.17096188876030144 0.9852776423889412 0
    outer loop
      vertex 17.24386290252016 9.225981600504038 16.650000000000002
      vertex 17.183413093069202 9.236470637455977 17.1
      vertex 17.24386290252016 9.225981600504038 17.1
    endloop
  endfacet
  facet normal 0.21910124015686683 0.9757021300385292 0
    outer loop
      vertex 17.30372522487908 9.21253906649318 16.650000000000002
      vertex 17.24386290252016 9.225981600504038 17.1
      vertex 17.30372522487908 9.21253906649318 17.1
    endloop
  endfacet
  facet normal 0.26671275747491036 0.9637760657954366 0
    outer loop
      vertex 17.362855846568078 9.196175419665261 16.650000000000002
      vertex 17.30372522487908 9.21253906649318 17.1
      vertex 17.362855846568078 9.196175419665261 17.1
    endloop
  endfacet
  facet normal 0.3136817403988901 0.9495281805930371 0
    outer loop
      vertex 17.421112316740274 9.176930081478776 16.650000000000002
      vertex 17.362855846568078 9.196175419665261 17.1
      vertex 17.421112316740274 9.176930081478776 17.1
    endloop
  endfacet
  facet normal 0.3598950365349708 0.9329927988347455 0
    outer loop
      vertex 17.478354290456362 9.15484941563911 16.650000000000002
      vertex 17.421112316740274 9.176930081478776 17.1
      vertex 17.478354290456362 9.15484941563911 17.1
    endloop
  endfacet
  facet normal 0.40524131400499813 0.914209755703527 0
    outer loop
      vertex 17.534443866787853 9.129986616404304 16.650000000000002
      vertex 17.478354290456362 9.15484941563911 17.1
      vertex 17.534443866787853 9.129986616404304 17.1
    endloop
  endfacet
endsolid OpenSCAD_Model
